"id","FHBDON","FHBDISIND","FHBSPKINC","PTHT","ZDK","GLBLSEV","BLSSEV","HSATIVLSEV","Year","Site"
"X20SGH002222",0.6,1.6,80,120,65,0,20,40,"2021","Salina"
"X20SGH003884",0.9,0.7,50,116,57,0,5,2,"2021","Salina"
"X20SGH000029",2.3,2.6,90,130,59,0,5,10,"2021","Salina"
"X20SGH000852",3.2,1.22222222,77.7777778,109,59,0,20,0,"2021","Salina"
"X20SGH001620",5.2,1,70,99,59,0,5,0,"2021","Salina"
"X20SGH001827",1.2,0.9,60,121,61,0,50,10,"2021","Salina"
"X20SGH002503",0.2,NA,NA,138,65,5,5,2,"2021","Salina"
"X20SGH003952",1.4,1.9,90,109,65,0,20,10,"2021","Salina"
"X20SGH003387",NA,NA,NA,NA,NA,NA,NA,NA,"2021","Salina"
"X20SGH003335",4.4,2.15,95,120,61,0,30,30,"2021","Salina"
"X20SGH000578",2.4,1.05882353,70.5882353,112,61,2,2,0,"2021","Salina"
"X20SGH003188",2.3,1.07692308,69.2307692,105,59,0,10,0,"2021","Salina"
"X20SGH002817",5.1,1.57894737,94.7368421,111,61,20,40,10,"2021","Salina"
"X20SGH000302",1.7,1.55,75,113,61,0,40,0,"2021","Salina"
"X20SGH002374",3.7,1.6,80,132,61,0,5,10,"2021","Salina"
"X20SGH001810",1.1,2,95,116,61,0,20,0,"2021","Salina"
"X20SGH000898",0.1,1.85,80,117,61,0,10,0,"2021","Salina"
"X20SGH003267",1.3,1.05555556,72.2222222,96,61,0,10,2,"2021","Salina"
"X20SGH002753",3.2,0.91666667,58.3333333,112,59,30,20,2,"2021","Salina"
"X20SGH001626",0.4,0.36842105,36.8421053,100,65,0,10,10,"2021","Salina"
"X20SGH002541",9.5,1.15384615,76.9230769,122,57,0,20,2,"2021","Salina"
"X20SGH000409",0.2,1.4,80,110,61,0,30,0,"2021","Salina"
"X20SGH001704",0.2,NA,NA,93,59,0,2,0,"2021","Salina"
"X20SGH002837",0.4,0.73684211,63.1578947,101,59,0,2,40,"2021","Salina"
"X20SGH002859",0,NA,NA,NA,NA,NA,NA,NA,"2021","Salina"
"X20SGH003170",NA,NA,NA,NA,NA,NA,NA,NA,"2021","Salina"
"X20SGH002632",4.9,1,70,109,59,0,0,50,"2021","Salina"
"X20SGH000480",0.5,1.1875,62.5,84,61,0,5,2,"2021","Salina"
"X20SGH003787",0.5,0.95,55,128,59,2,30,0,"2021","Salina"
"X20SGH001953",NA,NA,NA,NA,NA,NA,NA,NA,"2021","Salina"
"X20SGH000698",0.2,0.55,45,145,61,0,60,0,"2021","Salina"
"X20SGH000771",5.7,1.05,70,116,61,0,10,10,"2021","Salina"
"X20SGH001616",NA,NA,NA,NA,NA,NA,NA,NA,"2021","Salina"
"X20SGH000228",3.5,1.2,65,111,61,5,2,0,"2021","Salina"
"X20SGH001992",4.5,NA,NA,139,61,0,30,0,"2021","Salina"
"X20SGH000918",1,1.07142857,71.4285714,106,61,0,5,0,"2021","Salina"
"X20SGH003380",1,1.3,80,98,61,0,10,0,"2021","Salina"
"X20SGH003276",0.5,2.15,90,110,65,2,10,0,"2021","Salina"
"X20SGH001579",1.6,0.45,40,89,59,0,5,0,"2021","Salina"
"X20SGH001610",0.6,0.6,35,101,61,0,5,0,"2021","Salina"
"X20SGH002835",4.8,2.15,80,125,61,0,10,0,"2021","Salina"
"X20SGH001348",4.1,0.45,40,133,69,0,5,2,"2021","Salina"
"X20SGH001935",7.5,0.76923077,53.8461538,116,59,0,20,5,"2021","Salina"
"X20SGH003418",0.5,0.6,55,110,65,0,20,5,"2021","Salina"
"X20SGH001573",2.5,0.8,65,111,61,0,20,0,"2021","Salina"
"X20SGH000380",1.3,1.42857143,78.5714286,129,61,0,50,0,"2021","Salina"
"X20SGH002099",1.8,1.47368421,73.6842105,104,61,0,60,0,"2021","Salina"
"X20SGH003835",0.8,1.35,65,117,59,0,30,0,"2021","Salina"
"X20SGH003060",0.4,0.85,65,101,57,0,10,0,"2021","Salina"
"X20SGH001274",2.2,1.46666667,80,112,59,0,5,30,"2021","Salina"
"X20SGH002733",0.5,1.05263158,73.6842105,119,61,0,30,0,"2021","Salina"
"X20SGH001939",NA,NA,NA,NA,NA,NA,NA,NA,"2021","Salina"
"X20SGH001745",2.7,1.35,85,93,59,0,10,0,"2021","Salina"
"X20SGH001494",0.3,0.625,56.25,82,53,0,2,0,"2021","Salina"
"X20SGH001645",1.4,0.94444444,61.1111111,95,61,2,2,0,"2021","Salina"
"X20SGH003856",4.4,1.15384615,53.8461538,104,59,0,40,0,"2021","Salina"
"X20SGH001256",0.9,1.53333333,80,92,59,10,10,30,"2021","Salina"
"X20SGH003541",0.4,0.4,35,130,65,2,10,0,"2021","Salina"
"X20SGH003130",3.4,1.1,75,127,61,0,5,0,"2021","Salina"
"X20SGH003913",2.8,0.85,40,138,61,0,10,2,"2021","Salina"
"X20SGH001446",0.8,1.15,65,125,69,0,5,30,"2021","Salina"
"X20SGH002358",0,0.71428571,57.1428571,143,65,0,5,0,"2021","Salina"
"X20SGH000146",0.3,0.55,35,129,61,0,5,0,"2021","Salina"
"X20SGH001411",1.1,NA,NA,NA,57,NA,NA,NA,"2021","Salina"
"X20SGH003771",NA,1.75,100,101,NA,20,10,0,"2021","Salina"
"X20SGH001430",1.9,NA,NA,NA,59,NA,NA,NA,"2021","Salina"
"X20SGH003026",0.5,1.35,85,126,61,5,2,0,"2021","Salina"
"X20SGH002278",0.9,1.86666667,100,69,55,0,5,0,"2021","Salina"
"X20SGH000701",0.2,1.2,80,133,61,2,10,0,"2021","Salina"
"X20SGH000166",0.7,1.1,55,115,61,0,30,0,"2021","Salina"
"X20SGH001476",0.7,1.7,85,85,61,0,2,40,"2021","Salina"
"X20SGH000905",0.5,1.25,80,119,61,10,0,20,"2021","Salina"
"X20SGH002320",0.3,0.66666667,53.3333333,98,57,0,5,2,"2021","Salina"
"X20SGH003740",NA,NA,NA,NA,NA,NA,NA,NA,"2021","Salina"
"X20SGH000530",6.3,1.55555556,88.8888889,118,69,0,0,40,"2021","Salina"
"X20SGH001344",NA,NA,NA,NA,NA,NA,NA,NA,"2021","Salina"
"X20SGH000405",1,NA,NA,NA,NA,NA,NA,NA,"2021","Salina"
"X20SGH003141",1,NA,NA,NA,NA,NA,NA,NA,"2021","Salina"
"X20SGH001310",5.3,0.78571429,50,118,61,NA,30,NA,"2021","Salina"
"X20SGH003000",NA,NA,NA,NA,NA,NA,NA,NA,"2021","Salina"
"X20SGH001511",0.1,1.5,100,111,61,0,20,0,"2021","Salina"
"X20SGH001857",0.4,0.6,45,140,61,2,20,30,"2021","Salina"
"X20SGH001822",0.3,1.4,75,135,61,NA,10,NA,"2021","Salina"
"X20SGH003145",1.1,1.6,100,99,65,0,2,20,"2021","Salina"
"X20SGH001781",2,1.4,80,157,69,0,5,40,"2021","Salina"
"X20SGH001311",0.6,1.1,80,128,65,5,10,0,"2021","Salina"
"X20SGH003184",NA,NA,NA,NA,NA,NA,NA,NA,"2021","Salina"
"X20SGH003413",0.2,1.5,85,119,61,0,10,30,"2021","Salina"
"X20SGH000786",0.8,1.05263158,68.4210526,122,69,0,10,10,"2021","Salina"
"X20SGH001304",3,0.6875,50,105,53,0,0,0,"2021","Salina"
"X20SGH002576",1.3,0.9,65,88,61,0,2,20,"2021","Salina"
"X20SGH000502",0.1,0.14285714,14.2857143,78,53,0,0,5,"2021","Salina"
"X20SGH003225",3,1.1,60,102,61,NA,0,0,"2021","Salina"
"X20SGH003893",1,1.05,75,120,61,0,10,0,"2021","Salina"
"X20SGH001013",1.7,0.69230769,46.1538462,120,59,0,10,20,"2021","Salina"
"X20SGH001859",4.5,1.2,70,118,65,0,5,30,"2021","Salina"
"X20SGH001933",4.7,0.88888889,61.1111111,125,57,NA,10,40,"2021","Salina"
"X20SGH000743",0.3,0.7,55,91,57,0,10,0,"2021","Salina"
"X20SGH001159",0.7,0.89473684,78.9473684,99,59,0,20,0,"2021","Salina"
"X20SGH000849",NA,NA,NA,NA,NA,NA,NA,NA,"2021","Salina"
"X20SGH001919",4.8,0.85714286,57.1428571,96,61,0,5,5,"2021","Salina"
"X20SGH003220",0.2,1.44444444,83.3333333,113,61,NA,30,NA,"2021","Salina"
"X20SGH001070",0.1,0.55555556,44.4444444,110,61,0,30,20,"2021","Salina"
"X20SGH000574",NA,NA,NA,NA,NA,NA,NA,NA,"2021","Salina"
"X20SGH003795",2,1.5,87.5,101,57,0,5,10,"2021","Salina"
"X20SGH003358",1.1,1.1,70,109,61,0,5,20,"2021","Salina"
"X20SGH001240",8.2,1.4,75,129,61,2,5,40,"2021","Salina"
"X20SGH001871",1.2,NA,NA,113,69,0,5,2,"2021","Salina"
"X20SGH001215",2.9,1.15,80,101,59,0,10,0,"2021","Salina"
"X20SGH002496",2.9,0.81818182,72.7272727,119,61,0,0,5,"2021","Salina"
"X20SGH000869",0.8,0.86666667,46.6666667,114,69,0,10,0,"2021","Salina"
"X20SGH000740",1.4,1.05,80,120,65,0,20,0,"2021","Salina"
"X20SGH003784",0.1,NA,NA,101,65,0,5,10,"2021","Salina"
"X20SGH003816",0.8,0.9,60,97,55,0,5,0,"2021","Salina"
"X20SGH002353",19.3,0.27777778,27.7777778,105,57,0,2,30,"2021","Salina"
"X20SGH003279",0.3,0.625,56.25,109,69,0,2,20,"2021","Salina"
"X20SGH001627",0.4,0.2,20,121,61,NA,2,10,"2021","Salina"
"X20SGH002971",1.8,1.21428571,85.7142857,124,59,0,5,40,"2021","Salina"
"X20SGH000896",0.2,1.55,70,120,61,0,5,2,"2021","Salina"
"X20SGH001010",NA,NA,NA,NA,NA,NA,NA,NA,"2021","Salina"
"X20SGH002260",8.6,1.3,90,112,61,0,20,40,"2021","Salina"
"X20SGH000371",0.9,0.7,55,125,59,0,20,30,"2021","Salina"
"X20SGH002438",NA,NA,NA,NA,NA,NA,NA,NA,"2021","Salina"
"X20SGH000693",0.9,1.6,86.6666667,111,69,0,10,10,"2021","Salina"
"X20SGH001102",3.4,1.75,80,105,65,0,10,0,"2021","Salina"
"X20SGH001957",6,0.92857143,64.2857143,124,61,0,20,40,"2021","Salina"
"X20SGH002913",0.2,0.84615385,61.5384615,119,69,0,5,10,"2021","Salina"
"X20SGH000023",NA,NA,NA,NA,NA,NA,NA,NA,"2021","Salina"
"X20SGH002871",NA,NA,NA,NA,NA,NA,NA,NA,"2021","Salina"
"X20SGH002790",4.3,NA,NA,108,69,0,10,30,"2021","Salina"
"X20SGH001559",3,1.36842105,94.7368421,123,61,0,5,2,"2021","Salina"
"X20SGH003234",2.5,2.05,100,130,65,0,10,0,"2021","Salina"
"X20SGH000676",0.8,2.3,100,129,65,0,0,10,"2021","Salina"
"X20SGH002000",3.7,1.3,85,115,59,0,5,20,"2021","Salina"
"X20SGH002854",4.7,2.1,100,120,69,0,5,10,"2021","Salina"
"X20SGH002233",2.1,1.55,80,134,59,0,30,30,"2021","Salina"
"X20SGH001436",2.5,1.57894737,78.9473684,140,69,0,5,5,"2021","Salina"
"X20SGH001533",0.6,0.9,60,121,59,0,2,0,"2021","Salina"
"X20SGH000561",0.9,1.45,65,113,69,0,2,0,"2021","Salina"
"X20SGH003030",0.4,1.625,93.75,122,69,0,20,2,"2021","Salina"
"X20SGH000792",3,1.86666667,86.6666667,117,65,0,40,5,"2021","Salina"
"X20SGH002176",1.9,NA,NA,93,65,0,5,0,"2021","Salina"
"X20SGH002522",2,1.4,85,117,61,0,5,0,"2021","Salina"
"X20SGH001763",NA,NA,NA,NA,NA,NA,NA,NA,"2021","Salina"
"X20SGH001212",1,0.94117647,47.0588235,121,69,2,2,5,"2021","Salina"
"X20SGH000846",2.7,1.27777778,61.1111111,109,69,0,40,0,"2021","Salina"
"X20SGH003090",0.5,1.33333333,66.6666667,134,69,0,20,20,"2021","Salina"
"X20SGH001031",1.1,2.15,95,118,65,0,10,20,"2021","Salina"
"X20SGH000454",0.6,1.28571429,71.4285714,138,69,0,20,5,"2021","Salina"
"X20SGH001473",2.7,NA,NA,NA,69,NA,NA,NA,"2021","Salina"
"X20SGH000245",1.2,0.75,50,137,59,NA,NA,NA,"2021","Salina"
"X20SGH000018",0.8,2.18181818,90.9090909,103,69,0,5,0,"2021","Salina"
"X20SGH002124",1.9,2.21052632,78.9473684,124,59,0,5,5,"2021","Salina"
"X20SGH000545",2.2,1.125,56.25,101,61,0,2,2,"2021","Salina"
"X20SGH002199",19,2.17647059,94.1176471,127,59,0,10,30,"2021","Salina"
"X20SGH001555",2.8,2.35,95,105,69,0,30,0,"2021","Salina"
"X20SGH002655",0.8,1.8,90,112,69,0,20,0,"2021","Salina"
"X20SGH003307",2.9,1.16666667,66.6666667,89,57,0,0,40,"2021","Salina"
"X20SGH000307",4.8,2.4,95,116,65,0,5,40,"2021","Salina"
"X20SGH001302",0.5,1.42857143,64.2857143,119,69,0,20,10,"2021","Salina"
"X20SGH002670",0.1,2.55,100,118,69,0,10,5,"2021","Salina"
"X20SGH002055",5.2,2.3,95,116,59,0,40,0,"2021","Salina"
"X20SGH003613",0.6,2.25,95,104,65,0,2,0,"2021","Salina"
"X20SGH000823",0.3,1.88235294,94.1176471,116,59,0,30,40,"2021","Salina"
"X20SGH003705",13.1,0.6,45,110,57,0,5,0,"2021","Salina"
"X20SGH003470",2.1,1.29411765,70.5882353,116,57,2,20,10,"2021","Salina"
"X20SGH000781",5.1,1.2,75,86,57,0,20,0,"2021","Salina"
"X20SGH003492",2.6,2,100,118,59,5,10,5,"2021","Salina"
"X20SGH001362",1.9,2.07692308,92.3076923,100,59,0,0,20,"2021","Salina"
"X20SGH002637",0.2,2.8,100,110,71,0,5,0,"2021","Salina"
"X20SGH000190",0.8,1.3,75,116,69,0,0,30,"2021","Salina"
"X20SGH002413",1.3,1.76470588,88.2352941,89,59,0,20,0,"2021","Salina"
"X20SGH001708",1,0.92857143,57.1428571,106,57,0,30,5,"2021","Salina"
"X20SGH003338",3.1,2.1,90,130,65,0,10,30,"2021","Salina"
"X20SGH000546",5.6,2.38888889,94.4444444,113,69,NA,30,0,"2021","Salina"
"X20SGH003618",2,1.23529412,70.5882353,113,57,0,10,20,"2021","Salina"
"X20SGH001394",14,2.36842105,84.2105263,111,61,0,5,0,"2021","Salina"
"X20SGH001898",NA,NA,NA,NA,NA,NA,NA,NA,"2021","Salina"
"X20SGH003717",1.2,2.35,95,119,69,5,20,10,"2021","Salina"
"X20SGH001352",24,2.1875,93.75,120,65,0,40,30,"2021","Salina"
"X20SGH003180",4,2.75,83.3333333,119,69,0,10,0,"2021","Salina"
"X20SGH001467",5.9,2.25,95,107,61,5,20,0,"2021","Salina"
"X20SGH002584",3.5,2.15789474,89.4736842,96,69,0,0,60,"2021","Salina"
"X20SGH000321",1.8,2.58823529,94.1176471,88,59,0,5,10,"2021","Salina"
"X20SGH003318",2,2.35714286,85.7142857,100,61,0,20,40,"2021","Salina"
"X20SGH001053",0.4,2.84615385,100,106,69,2,20,5,"2021","Salina"
"X20SGH000448",0.1,2.38888889,100,124,69,0,5,30,"2021","Salina"
"X20SGH002465",3.2,1.25,65,99,69,0,20,0,"2021","Salina"
"X20SGH001749",2.1,1.3,90,110,59,2,20,0,"2021","Salina"
"X20SGH001532",3.9,1.05,70,122,59,0,20,30,"2021","Salina"
"X20SGH002132",3.7,0.25,25,83,57,0,10,10,"2021","Salina"
"X20SGH003353",7.1,0.88888889,72.2222222,119,69,10,5,10,"2021","Salina"
"X20SGH003312",0.8,1.8,73.3333333,111,69,0,20,40,"2021","Salina"
"X20SGH001152",0.6,3.26666667,100,107,69,0,60,0,"2021","Salina"
"X20SGH003092",0.8,2,85,120,69,0,30,10,"2021","Salina"
"X20SGH002235",1.3,1.29411765,82.3529412,124,69,0,20,10,"2021","Salina"
"X20SGH000591",0.6,2.125,93.75,119,69,2,2,20,"2021","Salina"
"X20SGH001669",2.9,1.5,77.7777778,104,59,0,30,10,"2021","Salina"
"X20SGH000995",3.6,2.10526316,94.7368421,101,69,0,5,5,"2021","Salina"
"X20SGH000358",1.7,1.55555556,88.8888889,79,59,0,20,20,"2021","Salina"
"X20SGH001088",1.8,1.70588235,82.3529412,94,59,0,30,0,"2021","Salina"
"X20SGH003455",2,NA,NA,91,59,0,20,20,"2021","Salina"
"X20SGH001155",1.1,2.22222222,83.3333333,109,69,0,20,5,"2021","Salina"
"X20SGH003834",0.3,2.25,95,120,59,0,30,0,"2021","Salina"
"X20SGH000020",0.2,2.46153846,100,89,69,0,10,0,"2021","Salina"
"X20SGH002350",6.8,1.8,85,117,59,0,10,30,"2021","Salina"
"X20SGH003830",1.2,2.55,95,128,59,0,10,5,"2021","Salina"
"X20SGH003261",0.5,1.55,80,100,59,0,10,40,"2021","Salina"
"X20SGH002302",0.3,2.65,95,133,69,0,10,10,"2021","Salina"
"X20SGH001136",0.3,2.3,90,107,69,2,40,NA,"2021","Salina"
"X20SGH000119",3.8,2.8,95,100,65,0,5,60,"2021","Salina"
"X20SGH002388",1.1,2.75,100,99,65,0,5,5,"2021","Salina"
"X20SGH002450",3.3,2.63157895,100,110,61,0,5,20,"2021","Salina"
"X20SGH002400",NA,NA,NA,NA,NA,NA,NA,NA,"2021","Salina"
"X20SGH002653",0.7,0.6875,50,81,57,0,5,0,"2021","Salina"
"X20SGH001085",NA,NA,NA,NA,NA,NA,NA,NA,"2021","Salina"
"X20SGH003507",8.5,1.7,85,104,59,0,20,0,"2021","Salina"
"X20SGH003611",2.9,2.76470588,94.1176471,122,69,0,20,20,"2021","Salina"
"X20SGH002621",1.7,2.1,90,131,65,0,20,0,"2021","Salina"
"X20SGH002486",0.4,2.15384615,92.3076923,90,53,0,2,5,"2021","Salina"
"X20SGH000585",0.4,0.90909091,81.8181818,87,53,0,5,0,"2021","Salina"
"X20SGH001234",1.9,2.35,75,108,59,2,5,30,"2021","Salina"
"X20SGH000275",12.5,2.93333333,93.3333333,109,59,0,0,0,"2021","Salina"
"X20SGH003542",1.8,1.9,85,131,59,0,20,20,"2021","Salina"
"X20SGH000277",13.4,1.7,80,126,69,0,5,30,"2021","Salina"
"X20SGH002750",9.3,2.57894737,89.4736842,109,69,0,10,0,"2021","Salina"
"X20SGH003097",0.3,1.84615385,84.6153846,103,61,0,10,10,"2021","Salina"
"X20SGH000619",NA,NA,NA,NA,NA,NA,NA,NA,"2021","Salina"
"X20SGH003715",0.9,2.15,85,139,71,0,10,40,"2021","Salina"
"X20SGH000179",3.2,2.05,90,104,59,0,10,2,"2021","Salina"
"X20SGH000959",15.1,2,80,127,59,5,30,0,"2021","Salina"
"X20SGH003650",4.3,2,65,134,69,0,10,30,"2021","Salina"
"X20SGH002091",1.4,2.55,85,108,59,0,10,5,"2021","Salina"
"X20SGH002934",9,1.85,85,96,61,0,0,40,"2021","Salina"
"X20SGH003301",5.2,1.5,85,96,59,0,2,0,"2021","Salina"
"X20SGH001984",8.4,1.15,70,104,59,0,40,0,"2021","Salina"
"X20SGH001075",1,1.55,70,154,69,0,0,0,"2021","Salina"
"X20SGH002077",4.4,1.35,75,89,57,0,2,5,"2021","Salina"
"X20SGH000511",1,1.33333333,75,88,57,0,0,10,"2021","Salina"
"X20SGH003146",2.2,1.46666667,73.3333333,120,69,2,20,5,"2021","Salina"
"X20SGH002252",0.3,0.93333333,53.3333333,106,69,0,5,20,"2021","Salina"
"X20SGH003039",2.6,1.2,73.3333333,98,69,0,10,5,"2021","Salina"
"X20SGH000445",0.3,2.13333333,93.3333333,132,69,0,5,0,"2021","Salina"
"X20SGH000813",5.1,1.4,73.3333333,121,61,0,10,20,"2021","Salina"
"X20SGH002311",2.6,1.3125,62.5,115,69,2,5,10,"2021","Salina"
"X20SGH002529",1,2.06666667,80,113,65,0,2,2,"2021","Salina"
"X20SGH002996",3.5,1.33333333,73.3333333,109,57,0,2,5,"2021","Salina"
"X20SGH000634",6.3,1.93333333,80,106,65,0,5,5,"2021","Salina"
"X20SGH000732",2,1.33333333,53.3333333,109,59,0,5,10,"2021","Salina"
"X20SGH002201",5.4,2,86.6666667,107,65,0,2,2,"2021","Salina"
"X20SGH001018",0,1.53333333,66.6666667,127,59,0,5,0,"2021","Salina"
"X20SGH003557",NA,NA,NA,NA,NA,NA,NA,NA,"2021","Salina"
"X20SGH000748",3.9,1.8,73.3333333,112,69,5,10,5,"2021","Salina"
"X20SGH001255",0.5,2.06666667,86.6666667,112,69,2,5,20,"2021","Salina"
"X20SGH002335",1,1.15,75,110,59,0,0,30,"2021","Salina"
"X20SGH003055",NA,NA,NA,NA,NA,NA,NA,NA,"2021","Salina"
"X20SGH000948",5.7,1.55,75,126,59,0,2,10,"2021","Salina"
"X20SGH002577",8.7,1.65,75,121,69,0,40,30,"2021","Salina"
"X20SGH002588",7.5,1.9,75,115,59,0,30,20,"2021","Salina"
"X20SGH002033",NA,NA,NA,NA,NA,NA,NA,NA,"2021","Salina"
"X20SGH000344",5.1,2,75,101,69,2,10,30,"2021","Salina"
"X20SGH002911",1,1.35,60,111,69,0,10,10,"2021","Salina"
"X20SGH003534",1.5,1.9,65,146,69,0,2,10,"2021","Salina"
"X20SGH002815",0.2,0.7,50,90,57,0,5,20,"2021","Salina"
"X20SGH002513",6.4,1.35,80,123,69,5,5,40,"2021","Salina"
"X20SGH003593",11.9,1.6,95,117,69,0,5,20,"2021","Salina"
"X20SGH002024",5.1,1.95,95,111,69,0,5,10,"2021","Salina"
"X20SGH003311",3.4,1.4,85,85,59,0,10,10,"2021","Salina"
"X20SGH000493",0.5,2.2,90,100,65,0,2,10,"2021","Salina"
"X20SGH000799",2.8,2.72222222,100,107,69,0,5,40,"2021","Salina"
"X20SGH000937",1,1.73684211,68.4210526,111,69,0,5,20,"2021","Salina"
"X20SGH003670",NA,NA,NA,NA,NA,NA,NA,NA,"2021","Salina"
"X20SGH002383",NA,NA,NA,NA,NA,NA,NA,NA,"2021","Salina"
"X20SGH003498",NA,NA,NA,NA,NA,NA,NA,NA,"2021","Salina"
"X20SGH000434",NA,NA,NA,NA,NA,NA,NA,NA,"2021","Salina"
"X20SGH002646",16.5,2.1,100,122,69,0,10,20,"2021","Salina"
"X20SGH001058",0.6,1.85,80,129,69,5,10,5,"2021","Salina"
"X20SGH002917",1.3,1.6,70,110,69,2,2,20,"2021","Salina"
"X20SGH002479",NA,NA,NA,NA,NA,NA,NA,NA,"2021","Salina"
"X20SGH000866",1.8,1.73684211,94.7368421,112,69,5,5,2,"2021","Salina"
"X20SGH002731",3.9,1.4,85,130,69,0,20,5,"2021","Salina"
"X20SGH001121",NA,NA,NA,NA,NA,NA,NA,NA,"2021","Salina"
"X20SGH002793",NA,NA,NA,NA,NA,NA,NA,NA,"2021","Salina"
"X20SGH002421",4.6,1,70,116,69,0,5,30,"2021","Salina"
"X20SGH002136",0.1,2.76470588,94.1176471,120,69,0,5,0,"2021","Salina"
"X20SGH003845",8.7,1.95,95,96,59,0,10,10,"2021","Salina"
"X20SGH003417",7.4,2.13333333,100,85,69,0,10,0,"2021","Salina"
"X20SGH001108",9.8,1.6,85,103,65,0,5,5,"2021","Salina"
"X20SGH002923",11.6,1.85,85,111,59,0,2,30,"2021","Salina"
"X20SGH000309",7.6,2,82.3529412,100,59,0,2,5,"2021","Salina"
"X20SGH002160",2.8,1.68421053,73.6842105,119,59,0,5,30,"2021","Salina"
"X20SGH000294",NA,NA,NA,NA,NA,NA,NA,NA,"2021","Salina"
"X20SGH002510",2.3,2.05,95,119,59,0,2,5,"2021","Salina"
"X20SGH001198",2,1.73333333,86.6666667,111,59,0,10,10,"2021","Salina"
"X20SGH003822",1.5,2.33333333,94.4444444,101,69,0,10,30,"2021","Salina"
"X20SGH000112",NA,NA,NA,NA,NA,NA,NA,NA,"2021","Salina"
"X20SGH000181",1,1.25,75,104,59,0,5,5,"2021","Salina"
"X20SGH002038",2.3,1.61538462,92.3076923,111,69,0,2,10,"2021","Salina"
"X20SGH003735",4,2.05,95,108,69,10,20,10,"2021","Salina"
"X20SGH000226",2.7,1.15,65,104,69,0,10,10,"2021","Salina"
"X20SGH003871",2.2,0.88888889,66.6666667,118,65,5,40,10,"2021","Salina"
"X20SGH003684",1.1,1.66666667,86.6666667,100,65,10,20,20,"2021","Salina"
"X20SGH001183",1.8,1.1,65,114,65,0,10,20,"2021","Salina"
"X20SGH000262",NA,NA,NA,NA,NA,NA,NA,NA,"2021","Salina"
"X20SGH002700",6.5,1.8,85,109,69,0,10,20,"2021","Salina"
"X20SGH001185",26.6,1.1,70,108,59,0,10,10,"2021","Salina"
"X20SGH003547",NA,NA,NA,NA,NA,NA,NA,NA,"2021","Salina"
"X20SGH002777",2.1,1.6,80,89,69,0,10,5,"2021","Salina"
"X20SGH001011",2.3,1.53333333,93.3333333,99,59,0,20,5,"2021","Salina"
"X20SGH001821",3.1,NA,NA,80,55,0,10,2,"2021","Salina"
"X20SGH002060",3.3,1.25,70,131,69,0,20,20,"2021","Salina"
"X20SGH003633",2.2,1.45,90,100,61,0,5,0,"2021","Salina"
"X20SGH001830",0.8,0.875,56.25,98,65,0,10,0,"2021","Salina"
"X20SGH002172",7,1.05263158,73.6842105,110,59,0,20,20,"2021","Salina"
"X20SGH002788",3.7,1.75,80,104,69,0,20,20,"2021","Salina"
"X20SGH001287",0.9,1.05,60,116,65,0,5,20,"2021","Salina"
"X20SGH003866",2.2,1.25,83.3333333,65,57,0,20,0,"2021","Salina"
"X20SGH002999",4.8,1.36842105,78.9473684,101,65,0,30,10,"2021","Salina"
"X20SGH003595",3.5,1.06666667,66.6666667,90,65,0,20,0,"2021","Salina"
"X20SGH000105",1.6,1.4,95,84,65,0,2,2,"2021","Salina"
"X20SGH002810",2.7,1.1,60,119,69,5,30,20,"2021","Salina"
"X20SGH001268",3.7,1.1,55,115,65,2,5,20,"2021","Salina"
"X20SGH002956",0.6,1.44444444,66.6666667,108,69,0,10,5,"2021","Salina"
"X20SGH003578",3.3,1.625,93.75,81,57,0,0,30,"2021","Salina"
"X20SGH003351",1.8,1.73333333,86.6666667,110,69,0,0,0,"2021","Salina"
"X20SGH000219",0.3,2.05,90,98,69,2,20,2,"2021","Salina"
"X20SGH000654",2.5,1.46666667,66.6666667,121,65,0,20,20,"2021","Salina"
"X20SGH000130",1.3,1.85,80,129,65,0,10,20,"2021","Salina"
"X20SGH002691",0.4,1.25,75,141,65,0,10,20,"2021","Salina"
"X20SGH003831",4.4,1.55,70,128,65,2,40,10,"2021","Salina"
"X20SGH001667",0.8,1.1,60,119,65,5,10,5,"2021","Salina"
"X20SGH003739",15.4,1.11764706,70.5882353,108,57,0,2,5,"2021","Salina"
"X20SGH001225",0.9,1.5,90,110,65,0,20,20,"2021","Salina"
"X20SGH000626",NA,NA,NA,NA,NA,NA,NA,NA,"2021","Salina"
"X20SGH003329",1.4,0.72222222,50,106,69,0,10,5,"2021","Salina"
"X20SGH002223",NA,NA,NA,NA,NA,NA,NA,NA,"2021","Salina"
"X20SGH001509",1.4,1.3,65,100,61,0,20,0,"2021","Salina"
"X20SGH002904",0.8,0.8,60,122,65,20,10,20,"2021","Salina"
"X20SGH000099",3.8,1.15789474,78.9473684,70,57,0,2,0,"2021","Salina"
"X20SGH003019",0.9,0.71428571,42.8571429,64,55,0,0,5,"2021","Salina"
"X20SGH000668",0.7,1,53.3333333,99,65,0,0,40,"2021","Salina"
"X20SGH003386",NA,NA,NA,NA,NA,NA,NA,NA,"2021","Salina"
"X20SGH003389",1,1.5,80,113,69,0,5,2,"2021","Salina"
"X20SGH001734",0.5,1.15,75,96,61,0,10,2,"2021","Salina"
"X20SGH001177",10.1,1.61538462,84.6153846,91,61,0,20,5,"2021","Salina"
"X20SGH002173",17.1,1.2,60,113,69,0,2,20,"2021","Salina"
"X20SGH002963",3.7,1.15,70,91,69,0,5,10,"2021","Salina"
"X20SGH003409",4.3,1.42105263,73.6842105,94,65,0,10,5,"2021","Salina"
"X20SGH001885",4.8,1.625,75,90,65,0,20,5,"2021","Salina"
"X20SGH003598",2.6,1.64285714,78.5714286,96,61,0,5,2,"2021","Salina"
"X20SGH000429",2.5,1.7,85,130,69,0,30,2,"2021","Salina"
"X20SGH003667",10.7,1.35,70,121,61,0,10,0,"2021","Salina"
"X20SGH001893",1.4,1.16666667,72.2222222,90,69,0,10,0,"2021","Salina"
"X20SGH000150",4.1,1.75,70,114,69,2,20,5,"2021","Salina"
"X20SGH001223",3.6,1.42105263,84.2105263,100,61,0,2,10,"2021","Salina"
"X20SGH003985",4,NA,NA,86,57,0,20,2,"2021","Salina"
"X20SGH003794",4.4,0.94736842,57.8947368,99,65,0,20,20,"2021","Salina"
"X20SGH002222",NA,3.833333333,94.44444444,105,73,NA,0,2,"2022","Salina"
"X20SGH003884",NA,4.25,95,90,73,NA,5,0,"2022","Salina"
"X20SGH000029",NA,4.846153846,100,95,71,NA,0,20,"2022","Salina"
"X20SGH000852",NA,1,60,105,71,NA,5,2,"2022","Salina"
"X20SGH001620",NA,2,80,90,71,NA,5,2,"2022","Salina"
"X20SGH001827",NA,1,55,130,73,NA,10,0,"2022","Salina"
"X20SGH002503",NA,1.25,60,115,71,NA,10,10,"2022","Salina"
"X20SGH003952",NA,1,55,120,71,NA,20,2,"2022","Salina"
"X20SGH003387",NA,1.4,60,90,71,NA,5,2,"2022","Salina"
"X20SGH003335",NA,1.55,75,125,71,NA,2,2,"2022","Salina"
"X20SGH000578",NA,NA,NA,20,73,NA,0,2,"2022","Salina"
"X20SGH003188",NA,1.5,65,115,75,NA,5,0,"2022","Salina"
"X20SGH002817",NA,2.05,85,100,75,NA,5,5,"2022","Salina"
"X20SGH000302",NA,0.55,40,110,73,NA,2,2,"2022","Salina"
"X20SGH002374",NA,1.15,60,130,71,NA,10,2,"2022","Salina"
"X20SGH001810",NA,2.1,95,110,75,NA,20,2,"2022","Salina"
"X20SGH000898",NA,1.3,65,90,73,NA,2,10,"2022","Salina"
"X20SGH003267",NA,2.05,85,115,75,NA,5,20,"2022","Salina"
"X20SGH002753",NA,1.1,65,100,73,NA,10,5,"2022","Salina"
"X20SGH001626",NA,1.55,85,130,73,NA,10,2,"2022","Salina"
"X20SGH002541",NA,2,85,90,71,NA,10,10,"2022","Salina"
"X20SGH000409",NA,2,85,90,73,NA,10,0,"2022","Salina"
"X20SGH001704",NA,4.25,100,90,71,NA,0,5,"2022","Salina"
"X20SGH002837",NA,0.5,35,110,71,NA,10,2,"2022","Salina"
"X20SGH002859",NA,1.75,75,100,71,NA,2,0,"2022","Salina"
"X20SGH003170",NA,NA,NA,NA,NA,NA,NA,NA,"2022","Salina"
"X20SGH002632",NA,1.333333333,66.66666667,65,71,NA,2,0,"2022","Salina"
"X20SGH000480",NA,1,62.5,65,71,NA,2,5,"2022","Salina"
"X20SGH003787",NA,2.3,90,110,71,NA,20,10,"2022","Salina"
"X20SGH001953",NA,NA,NA,NA,NA,NA,NA,NA,"2022","Salina"
"X20SGH000698",NA,3.1,95,120,73,NA,2,5,"2022","Salina"
"X20SGH000771",NA,2.9,95,105,77,NA,2,2,"2022","Salina"
"X20SGH001616",NA,NA,NA,NA,NA,NA,NA,NA,"2022","Salina"
"X20SGH000228",NA,1,70,110,73,NA,5,5,"2022","Salina"
"X20SGH001992",NA,4.25,100,120,75,NA,10,20,"2022","Salina"
"X20SGH000918",NA,2.55,95,120,73,NA,2,5,"2022","Salina"
"X20SGH003380",NA,3.263157895,78.94736842,95,75,NA,5,0,"2022","Salina"
"X20SGH003276",NA,1.8,75,95,77,NA,10,0,"2022","Salina"
"X20SGH001579",NA,NA,NA,15,73,NA,0,0,"2022","Salina"
"X20SGH001610",NA,2.3,90,100,77,NA,5,20,"2022","Salina"
"X20SGH002835",NA,0.8,65,120,75,NA,10,2,"2022","Salina"
"X20SGH001348",NA,2,90,130,73,NA,5,0,"2022","Salina"
"X20SGH001935",NA,4.9,100,130,71,NA,2,2,"2022","Salina"
"X20SGH003418",NA,1.875,50,85,75,NA,10,0,"2022","Salina"
"X20SGH001573",NA,3.65,100,120,77,NA,2,2,"2022","Salina"
"X20SGH000380",NA,1.3,70,120,73,NA,10,0,"2022","Salina"
"X20SGH002099",NA,1.75,75,100,71,NA,10,5,"2022","Salina"
"X20SGH003835",NA,2.25,80,105,71,NA,10,0,"2022","Salina"
"X20SGH003060",NA,1.947368421,57.89473684,90,71,NA,10,0,"2022","Salina"
"X20SGH001274",NA,1.857142857,85.71428571,100,71,NA,0,2,"2022","Salina"
"X20SGH002733",NA,1.65,75,95,71,NA,5,0,"2022","Salina"
"X20SGH001939",NA,NA,NA,NA,NA,NA,NA,NA,"2022","Salina"
"X20SGH001745",NA,1.157894737,68.42105263,85,69,NA,5,2,"2022","Salina"
"X20SGH001494",NA,NA,NA,NA,NA,NA,NA,NA,"2022","Salina"
"X20SGH001645",NA,3,100,105,71,NA,10,2,"2022","Salina"
"X20SGH003856",NA,1.7,80,120,71,NA,5,2,"2022","Salina"
"X20SGH001256",NA,NA,NA,NA,NA,NA,NA,NA,"2022","Salina"
"X20SGH003541",NA,3.55,100,120,77,NA,10,2,"2022","Salina"
"X20SGH003130",NA,2.944444444,88.88888889,120,73,NA,20,0,"2022","Salina"
"X20SGH003913",NA,2.052631579,89.47368421,140,71,NA,20,5,"2022","Salina"
"X20SGH001446",NA,3.1,100,130,77,NA,10,10,"2022","Salina"
"X20SGH002358",NA,4.2,100,120,75,NA,10,0,"2022","Salina"
"X20SGH000146",NA,3.05,100,115,77,NA,5,5,"2022","Salina"
"X20SGH001411",NA,2.25,90,120,73,NA,5,10,"2022","Salina"
"X20SGH003771",NA,2.25,90,50,NA,NA,0,5,"2022","Salina"
"X20SGH001430",NA,3.25,100,130,73,NA,5,5,"2022","Salina"
"X20SGH003026",NA,1.15,65,100,73,NA,5,5,"2022","Salina"
"X20SGH002278",NA,3.2,100,85,75,NA,5,2,"2022","Salina"
"X20SGH000701",NA,4.05,100,115,77,NA,NA,NA,"2022","Salina"
"X20SGH000166",NA,2.352941176,64.70588235,75,75,NA,0,2,"2022","Salina"
"X20SGH001476",NA,1.368421053,63.15789474,65,73,NA,2,10,"2022","Salina"
"X20SGH000905",NA,3.45,100,110,75,NA,2,0,"2022","Salina"
"X20SGH002320",NA,2,70,105,73,NA,2,2,"2022","Salina"
"X20SGH003740",NA,2,57.14285714,90,71,NA,2,0,"2022","Salina"
"X20SGH000530",NA,3.55,100,120,77,NA,10,30,"2022","Salina"
"X20SGH001344",NA,2.444444444,77.77777778,80,71,NA,0,5,"2022","Salina"
"X20SGH000405",NA,1.176470588,64.70588235,100,69,NA,10,0,"2022","Salina"
"X20SGH003141",NA,3.2,100,95,77,NA,5,0,"2022","Salina"
"X20SGH001310",NA,3.85,100,110,77,NA,30,0,"2022","Salina"
"X20SGH003000",NA,NA,NA,NA,NA,NA,NA,NA,"2022","Salina"
"X20SGH001511",NA,1.9,70,95,75,NA,5,2,"2022","Salina"
"X20SGH001857",NA,1,44.44444444,65,59,NA,0,5,"2022","Salina"
"X20SGH001822",NA,4.5,100,105,75,NA,5,5,"2022","Salina"
"X20SGH003145",NA,3.5,100,100,77,NA,10,0,"2022","Salina"
"X20SGH001781",NA,3.7,100,115,71,NA,10,2,"2022","Salina"
"X20SGH001311",NA,2.5,80,110,77,NA,2,10,"2022","Salina"
"X20SGH003184",NA,2,75,95,77,NA,5,5,"2022","Salina"
"X20SGH003413",NA,3.3,100,110,75,NA,5,10,"2022","Salina"
"X20SGH000786",NA,4.4,100,120,77,NA,2,2,"2022","Salina"
"X20SGH001304",NA,3.35,100,125,75,NA,20,2,"2022","Salina"
"X20SGH002576",NA,4.05,100,95,77,NA,0,10,"2022","Salina"
"X20SGH000502",NA,2.85,90,100,77,NA,5,2,"2022","Salina"
"X20SGH003225",NA,3.35,95,110,75,NA,5,0,"2022","Salina"
"X20SGH003893",NA,3.9,100,110,75,NA,5,2,"2022","Salina"
"X20SGH001013",NA,3.7,100,130,75,NA,2,2,"2022","Salina"
"X20SGH001859",NA,4.15,100,120,77,NA,2,2,"2022","Salina"
"X20SGH001933",NA,3.45,100,120,77,NA,5,0,"2022","Salina"
"X20SGH000743",NA,4.45,95,80,69,NA,0,5,"2022","Salina"
"X20SGH001159",NA,4.15,100,95,77,NA,40,0,"2022","Salina"
"X20SGH000849",NA,NA,NA,NA,NA,NA,NA,NA,"2022","Salina"
"X20SGH001919",NA,2.894736842,94.73684211,85,77,NA,10,2,"2022","Salina"
"X20SGH003220",NA,3.65,100,115,71,NA,2,0,"2022","Salina"
"X20SGH001070",NA,1.714285714,71.42857143,80,71,NA,2,0,"2022","Salina"
"X20SGH000574",NA,NA,NA,NA,NA,NA,NA,NA,"2022","Salina"
"X20SGH003795",NA,2.8,100,105,71,NA,0,0,"2022","Salina"
"X20SGH003358",NA,3.65,100,100,71,NA,5,0,"2022","Salina"
"X20SGH001240",NA,2.85,100,120,77,NA,5,0,"2022","Salina"
"X20SGH001871",NA,4.5,100,115,77,NA,10,2,"2022","Salina"
"X20SGH001215",NA,1.15,55,125,75,NA,2,70,"2022","Salina"
"X20SGH002496",NA,2.7,95,120,75,NA,10,20,"2022","Salina"
"X20SGH000869",NA,4.8,100,115,75,NA,20,20,"2022","Salina"
"X20SGH000740",NA,4.2,100,125,73,NA,0,5,"2022","Salina"
"X20SGH003784",NA,3.333333333,83.33333333,70,69,NA,2,10,"2022","Salina"
"X20SGH003816",NA,2.35,75,100,71,NA,20,5,"2022","Salina"
"X20SGH002353",NA,3.8,100,105,75,NA,0,20,"2022","Salina"
"X20SGH003279",NA,4.65,100,105,75,NA,2,10,"2022","Salina"
"X20SGH001627",NA,4.3,100,130,75,NA,10,5,"2022","Salina"
"X20SGH002971",NA,3.3,100,120,71,NA,10,5,"2022","Salina"
"X20SGH000896",NA,3.6,100,120,77,NA,10,0,"2022","Salina"
"X20SGH001010",NA,3,100,75,71,NA,20,2,"2022","Salina"
"X20SGH002260",NA,4.1,100,110,77,NA,20,0,"2022","Salina"
"X20SGH000371",NA,3.35,95,115,75,NA,30,10,"2022","Salina"
"X20SGH002438",NA,NA,NA,NA,NA,NA,NA,NA,"2022","Salina"
"X20SGH000693",NA,4.5,100,110,77,NA,5,2,"2022","Salina"
"X20SGH001102",NA,3,90,110,73,NA,40,0,"2022","Salina"
"X20SGH001957",NA,3.85,100,130,71,NA,2,0,"2022","Salina"
"X20SGH002913",NA,3.3,90,100,75,NA,2,0,"2022","Salina"
"X20SGH000023",NA,3.95,100,110,77,NA,20,0,"2022","Salina"
"X20SGH002871",NA,NA,NA,NA,NA,NA,NA,NA,"2022","Salina"
"X20SGH002790",NA,4.5,100,80,77,NA,0,5,"2022","Salina"
"X20SGH001559",NA,4.05,100,105,77,NA,5,2,"2022","Salina"
"X20SGH003234",NA,2.65,95,100,69,NA,5,2,"2022","Salina"
"X20SGH000676",NA,3.95,100,100,77,NA,10,2,"2022","Salina"
"X20SGH002000",NA,1.95,85,105,77,NA,20,0,"2022","Salina"
"X20SGH002854",NA,3.4,100,110,73,NA,20,0,"2022","Salina"
"X20SGH002233",NA,4.15,100,125,75,NA,2,10,"2022","Salina"
"X20SGH001436",NA,4.2,100,120,77,NA,0,20,"2022","Salina"
"X20SGH001533",NA,0.85,45,110,75,NA,2,10,"2022","Salina"
"X20SGH000561",NA,3,95,105,73,NA,60,0,"2022","Salina"
"X20SGH003030",NA,4.25,100,130,77,NA,0,20,"2022","Salina"
"X20SGH000792",NA,1.6,65,110,75,NA,0,0,"2022","Salina"
"X20SGH002176",NA,2.722222222,94.44444444,105,75,NA,5,2,"2022","Salina"
"X20SGH002522",NA,2.6,66.66666667,70,71,NA,30,0,"2022","Salina"
"X20SGH001763",NA,NA,NA,NA,NA,NA,NA,NA,"2022","Salina"
"X20SGH001212",NA,3,95,135,75,NA,20,2,"2022","Salina"
"X20SGH000846",NA,3.95,100,100,77,NA,2,0,"2022","Salina"
"X20SGH003090",NA,4.5,100,110,77,NA,10,5,"2022","Salina"
"X20SGH001031",NA,3.25,95,100,75,NA,0,10,"2022","Salina"
"X20SGH000454",NA,1.9,75,110,75,NA,30,2,"2022","Salina"
"X20SGH001473",NA,1.25,50,70,71,NA,20,10,"2022","Salina"
"X20SGH000245",NA,1.058823529,41.17647059,100,69,NA,10,20,"2022","Salina"
"X20SGH000018",NA,4,100,80,77,NA,5,2,"2022","Salina"
"X20SGH002124",NA,1.1,50,90,75,NA,5,0,"2022","Salina"
"X20SGH000545",NA,0.875,50,95,69,NA,2,2,"2022","Salina"
"X20SGH002199",NA,0.416666667,33.33333333,80,73,NA,10,5,"2022","Salina"
"X20SGH001555",NA,3.95,100,90,75,NA,0,2,"2022","Salina"
"X20SGH002655",NA,3.95,100,115,77,NA,2,0,"2022","Salina"
"X20SGH003307",NA,1.181818182,54.54545455,70,71,NA,2,10,"2022","Salina"
"X20SGH000307",NA,1.75,75,110,73,NA,2,10,"2022","Salina"
"X20SGH001302",NA,4.578947368,100,120,77,NA,20,0,"2022","Salina"
"X20SGH002670",NA,4,100,110,77,NA,20,2,"2022","Salina"
"X20SGH002055",NA,2.25,80,105,77,NA,20,0,"2022","Salina"
"X20SGH003613",NA,1.8,70,95,73,NA,2,2,"2022","Salina"
"X20SGH000823",NA,2.1875,56.25,90,73,NA,2,0,"2022","Salina"
"X20SGH003705",NA,2.3,85,120,77,NA,40,5,"2022","Salina"
"X20SGH003470",NA,2.35,95,105,73,NA,20,0,"2022","Salina"
"X20SGH000781",NA,1.3,65,75,75,NA,30,0,"2022","Salina"
"X20SGH003492",NA,0.95,40,115,73,NA,2,2,"2022","Salina"
"X20SGH001362",NA,1.1,55,100,73,NA,5,20,"2022","Salina"
"X20SGH002637",NA,3.631578947,89.47368421,90,77,NA,10,0,"2022","Salina"
"X20SGH000190",NA,2.65,90,105,75,NA,NA,NA,"2022","Salina"
"X20SGH002413",NA,1.611111111,77.77777778,80,75,NA,10,0,"2022","Salina"
"X20SGH001708",NA,1.35,50,120,73,NA,0,0,"2022","Salina"
"X20SGH003338",NA,3.5,95,115,77,NA,10,2,"2022","Salina"
"X20SGH000546",NA,2.2,75,100,75,NA,5,0,"2022","Salina"
"X20SGH003618",NA,1.8,60,100,77,NA,5,0,"2022","Salina"
"X20SGH001394",NA,4.35,100,120,77,NA,10,0,"2022","Salina"
"X20SGH001898",NA,1.157894737,42.10526316,75,69,NA,2,0,"2022","Salina"
"X20SGH003717",NA,2.9,95,115,77,NA,10,0,"2022","Salina"
"X20SGH001352",NA,1.65,70,120,73,NA,20,0,"2022","Salina"
"X20SGH003180",NA,2.35,85,115,77,NA,5,10,"2022","Salina"
"X20SGH001467",NA,0.95,60,100,77,NA,10,5,"2022","Salina"
"X20SGH002584",NA,4.45,100,100,77,NA,10,40,"2022","Salina"
"X20SGH000321",NA,1.8,40,60,67,NA,0,10,"2022","Salina"
"X20SGH003318",NA,3,100,50,69,NA,5,2,"2022","Salina"
"X20SGH001053",NA,3.9,95,110,75,NA,10,2,"2022","Salina"
"X20SGH000448",NA,4.7,100,120,75,NA,5,0,"2022","Salina"
"X20SGH002465",NA,2.25,80,110,77,NA,20,2,"2022","Salina"
"X20SGH001749",NA,2.4,90,120,75,NA,10,5,"2022","Salina"
"X20SGH001532",NA,4.45,100,115,77,NA,5,20,"2022","Salina"
"X20SGH002132",NA,NA,NA,NA,NA,NA,NA,NA,"2022","Salina"
"X20SGH003353",NA,4.45,100,120,73,NA,10,0,"2022","Salina"
"X20SGH003312",NA,2.375,75,75,71,NA,20,5,"2022","Salina"
"X20SGH001152",NA,2.666666667,83.33333333,85,75,NA,5,2,"2022","Salina"
"X20SGH003092",NA,4.1,100,120,75,NA,20,10,"2022","Salina"
"X20SGH002235",NA,4.2,100,110,77,NA,10,2,"2022","Salina"
"X20SGH000591",NA,4.3,100,90,77,NA,20,0,"2022","Salina"
"X20SGH001669",NA,1.85,85,120,73,NA,2,10,"2022","Salina"
"X20SGH000995",NA,3.45,100,105,77,NA,10,5,"2022","Salina"
"X20SGH000358",NA,NA,NA,NA,NA,NA,NA,NA,"2022","Salina"
"X20SGH001088",NA,0.941176471,47.05882353,70,69,NA,10,0,"2022","Salina"
"X20SGH003455",NA,2.875,100,80,69,NA,5,0,"2022","Salina"
"X20SGH001155",NA,2.684210526,89.47368421,100,75,NA,10,0,"2022","Salina"
"X20SGH003834",NA,3.7,100,110,69,NA,20,0,"2022","Salina"
"X20SGH000020",NA,4.4,100,80,77,NA,5,0,"2022","Salina"
"X20SGH002350",NA,3.15,90,100,71,NA,20,0,"2022","Salina"
"X20SGH003830",NA,3.9,95,120,77,NA,10,0,"2022","Salina"
"X20SGH003261",NA,1.45,65,105,73,NA,10,10,"2022","Salina"
"X20SGH002302",NA,2.85,90,130,77,NA,10,10,"2022","Salina"
"X20SGH001136",NA,3.65,95,110,77,NA,20,10,"2022","Salina"
"X20SGH000119",NA,3.45,95,90,77,NA,10,0,"2022","Salina"
"X20SGH002388",NA,2.65,90,90,75,NA,20,10,"2022","Salina"
"X20SGH002450",NA,3.1,100,110,77,NA,5,5,"2022","Salina"
"X20SGH002400",NA,NA,NA,NA,NA,NA,NA,NA,"2022","Salina"
"X20SGH002653",NA,4.05,95,75,77,NA,5,0,"2022","Salina"
"X20SGH001085",NA,NA,NA,NA,NA,NA,NA,NA,"2022","Salina"
"X20SGH003507",NA,1.65,80,115,77,NA,10,0,"2022","Salina"
"X20SGH003611",NA,0.6,45,120,77,NA,10,0,"2022","Salina"
"X20SGH002621",NA,3.85,100,120,77,NA,2,10,"2022","Salina"
"X20SGH002486",NA,NA,NA,NA,NA,NA,NA,NA,"2022","Salina"
"X20SGH000585",NA,3.3,100,100,77,NA,2,0,"2022","Salina"
"X20SGH001234",NA,2.75,90,105,75,NA,5,0,"2022","Salina"
"X20SGH000275",NA,2.846153846,76.92307692,75,71,NA,10,2,"2022","Salina"
"X20SGH003542",NA,4.3,100,135,77,NA,10,2,"2022","Salina"
"X20SGH000277",NA,3.2,90,115,77,NA,10,10,"2022","Salina"
"X20SGH002750",NA,1.25,70,90,73,NA,5,5,"2022","Salina"
"X20SGH003097",NA,3.9,100,90,77,NA,5,10,"2022","Salina"
"X20SGH000619",NA,4.052631579,100,100,77,NA,30,0,"2022","Salina"
"X20SGH003715",NA,4.65,100,115,77,NA,10,0,"2022","Salina"
"X20SGH000179",NA,2.5,85,105,73,NA,10,2,"2022","Salina"
"X20SGH000959",NA,4.05,100,125,77,NA,NA,NA,"2022","Salina"
"X20SGH003650",NA,2.882352941,94.11764706,110,77,NA,20,0,"2022","Salina"
"X20SGH002091",NA,3.75,100,125,77,NA,40,2,"2022","Salina"
"X20SGH002934",NA,3.1,95,115,77,NA,20,0,"2022","Salina"
"X20SGH003301",NA,1.4,70,100,69,NA,10,2,"2022","Salina"
"X20SGH001984",NA,3.65,100,110,77,NA,0,2,"2022","Salina"
"X20SGH001075",NA,4.4,100,140,77,NA,20,0,"2022","Salina"
"X20SGH002077",NA,1.444444444,55.55555556,80,71,NA,5,5,"2022","Salina"
"X20SGH000511",NA,2,100,70,75,NA,0,5,"2022","Salina"
"X20SGH003146",NA,4.6,100,120,77,NA,10,2,"2022","Salina"
"X20SGH002252",NA,1.95,70,90,73,NA,20,0,"2022","Salina"
"X20SGH003039",NA,3.7,90,105,77,NA,10,5,"2022","Salina"
"X20SGH000445",NA,3.25,100,130,75,NA,10,20,"2022","Salina"
"X20SGH000813",NA,3.210526316,94.73684211,120,75,NA,20,10,"2022","Salina"
"X20SGH002311",NA,2.8,85,110,75,NA,10,10,"2022","Salina"
"X20SGH002529",NA,2.6,80,110,77,NA,30,5,"2022","Salina"
"X20SGH002996",NA,3.2,100,125,77,NA,20,10,"2022","Salina"
"X20SGH000634",NA,4.15,100,120,75,NA,10,2,"2022","Salina"
"X20SGH000732",NA,3.368421053,100,105,69,NA,40,0,"2022","Salina"
"X20SGH002201",NA,3.2,95,130,77,NA,20,20,"2022","Salina"
"X20SGH001018",NA,4.15,100,110,75,NA,10,0,"2022","Salina"
"X20SGH003557",NA,NA,NA,NA,NA,NA,NA,NA,"2022","Salina"
"X20SGH000748",NA,4,100,115,77,NA,40,5,"2022","Salina"
"X20SGH001255",NA,3.7,100,100,77,NA,40,0,"2022","Salina"
"X20SGH002335",NA,3.285714286,100,100,77,NA,20,0,"2022","Salina"
"X20SGH003055",NA,NA,NA,NA,NA,NA,NA,NA,"2022","Salina"
"X20SGH000948",NA,3.066666667,93.33333333,90,73,NA,0,0,"2022","Salina"
"X20SGH002577",NA,4.2,100,130,77,NA,5,5,"2022","Salina"
"X20SGH002588",NA,4.05,100,130,77,NA,10,0,"2022","Salina"
"X20SGH002033",NA,1.142857143,42.85714286,85,75,NA,2,5,"2022","Salina"
"X20SGH000344",NA,2.25,75,95,77,NA,30,20,"2022","Salina"
"X20SGH002911",NA,4.55,100,110,77,NA,10,0,"2022","Salina"
"X20SGH003534",NA,2.75,85,135,73,NA,20,5,"2022","Salina"
"X20SGH002815",NA,2.35,75,100,77,NA,20,10,"2022","Salina"
"X20SGH002513",NA,1.555555556,66.66666667,95,71,NA,0,5,"2022","Salina"
"X20SGH003593",NA,3.8,100,110,77,NA,5,10,"2022","Salina"
"X20SGH002024",NA,3.85,100,125,75,NA,10,2,"2022","Salina"
"X20SGH003311",NA,0.55,40,70,71,NA,10,10,"2022","Salina"
"X20SGH000493",NA,3.2,95,105,77,NA,5,2,"2022","Salina"
"X20SGH000799",NA,4.6,100,110,77,NA,5,2,"2022","Salina"
"X20SGH000937",NA,3.842105263,100,110,77,NA,20,5,"2022","Salina"
"X20SGH003670",NA,NA,NA,NA,NA,NA,NA,NA,"2022","Salina"
"X20SGH002383",NA,NA,NA,NA,30,NA,NA,NA,"2022","Salina"
"X20SGH003498",NA,NA,NA,NA,NA,NA,NA,NA,"2022","Salina"
"X20SGH000434",NA,1.2,40,85,77,NA,2,5,"2022","Salina"
"X20SGH002646",NA,2.066666667,80,90,77,NA,20,10,"2022","Salina"
"X20SGH001058",NA,4.25,100,120,77,NA,20,0,"2022","Salina"
"X20SGH002917",NA,3.55,100,120,77,NA,30,10,"2022","Salina"
"X20SGH002479",NA,2.6,80,85,71,NA,20,2,"2022","Salina"
"X20SGH000866",NA,3.65,95,80,75,NA,10,0,"2022","Salina"
"X20SGH002731",NA,2.7,90,110,75,NA,10,0,"2022","Salina"
"X20SGH001121",NA,4.55,100,125,77,NA,30,0,"2022","Salina"
"X20SGH002793",NA,3.583333333,100,85,69,NA,10,0,"2022","Salina"
"X20SGH002421",NA,3,95,120,77,NA,30,10,"2022","Salina"
"X20SGH002136",NA,3.4,100,100,77,NA,50,0,"2022","Salina"
"X20SGH003845",NA,1.85,85,95,75,NA,40,0,"2022","Salina"
"X20SGH003417",NA,3,100,40,69,NA,2,2,"2022","Salina"
"X20SGH001108",NA,1.55,65,120,77,NA,20,0,"2022","Salina"
"X20SGH002923",NA,2.35,85,120,77,NA,10,20,"2022","Salina"
"X20SGH000309",NA,3.05,100,100,75,NA,0,10,"2022","Salina"
"X20SGH002160",NA,3.15,100,120,75,NA,40,20,"2022","Salina"
"X20SGH000294",NA,NA,NA,NA,NA,NA,NA,NA,"2022","Salina"
"X20SGH002510",NA,0.3,20,125,71,NA,10,2,"2022","Salina"
"X20SGH001198",NA,4.3,100,110,77,NA,20,0,"2022","Salina"
"X20SGH003822",NA,4.2,100,115,77,NA,50,2,"2022","Salina"
"X20SGH000112",NA,NA,NA,NA,NA,NA,NA,NA,"2022","Salina"
"X20SGH000181",NA,3.05,95,115,77,NA,20,10,"2022","Salina"
"X20SGH002038",NA,3.85,100,135,77,NA,20,10,"2022","Salina"
"X20SGH003735",NA,1.7,85,115,75,NA,10,2,"2022","Salina"
"X20SGH000226",NA,3.6,90,120,75,NA,2,2,"2022","Salina"
"X20SGH003871",NA,3.1,90,115,77,NA,30,2,"2022","Salina"
"X20SGH003684",NA,3,81.25,105,75,NA,2,10,"2022","Salina"
"X20SGH001183",NA,3.9,100,120,75,NA,10,2,"2022","Salina"
"X20SGH000262",NA,NA,NA,NA,NA,NA,NA,NA,"2022","Salina"
"X20SGH002700",NA,4,100,120,75,NA,10,5,"2022","Salina"
"X20SGH001185",NA,2.15,80,105,77,NA,30,2,"2022","Salina"
"X20SGH003547",NA,2,100,60,73,NA,10,2,"2022","Salina"
"X20SGH002777",NA,3.3,95,100,77,NA,40,0,"2022","Salina"
"X20SGH001011",NA,2.9,95,130,75,NA,20,0,"2022","Salina"
"X20SGH001821",NA,NA,NA,NA,NA,NA,NA,NA,"2022","Salina"
"X20SGH002060",NA,3.3,100,120,75,NA,10,0,"2022","Salina"
"X20SGH003633",NA,1.222222222,55.55555556,90,77,NA,0,20,"2022","Salina"
"X20SGH001830",NA,3.6,95,100,77,NA,10,10,"2022","Salina"
"X20SGH002172",NA,1.5,65,100,71,NA,10,2,"2022","Salina"
"X20SGH002788",NA,1.9,80,105,71,NA,10,5,"2022","Salina"
"X20SGH001287",NA,3.55,100,115,75,NA,50,0,"2022","Salina"
"X20SGH003866",NA,1,65,100,77,NA,10,5,"2022","Salina"
"X20SGH002999",NA,3.1,95,90,77,NA,20,0,"2022","Salina"
"X20SGH003595",NA,1.75,70,95,75,NA,5,10,"2022","Salina"
"X20SGH000105",NA,2.8,95,90,75,NA,10,10,"2022","Salina"
"X20SGH002810",NA,4.55,100,130,77,NA,10,2,"2022","Salina"
"X20SGH001268",NA,2.5,95,120,75,NA,5,70,"2022","Salina"
"X20SGH002956",NA,3.5,100,100,77,NA,2,10,"2022","Salina"
"X20SGH003578",NA,1.25,70,75,77,NA,5,20,"2022","Salina"
"X20SGH003351",NA,3.55,100,100,77,NA,20,0,"2022","Salina"
"X20SGH000219",NA,3.9,95,100,77,NA,30,5,"2022","Salina"
"X20SGH000654",NA,3.25,95,125,77,NA,10,10,"2022","Salina"
"X20SGH000130",NA,2.4,85,125,75,NA,30,20,"2022","Salina"
"X20SGH002691",NA,3.75,95,120,77,NA,30,20,"2022","Salina"
"X20SGH003831",NA,3.65,100,110,77,NA,NA,NA,"2022","Salina"
"X20SGH001667",NA,2.4,85,115,75,NA,40,2,"2022","Salina"
"X20SGH003739",NA,NA,NA,NA,69,NA,20,30,"2022","Salina"
"X20SGH001225",NA,3.85,100,125,71,NA,NA,NA,"2022","Salina"
"X20SGH000626",NA,NA,NA,NA,NA,NA,10,10,"2022","Salina"
"X20SGH003329",NA,4.3,100,115,77,NA,10,0,"2022","Salina"
"X20SGH002223",NA,2,65,90,77,NA,5,0,"2022","Salina"
"X20SGH001509",NA,2.15,70,115,77,NA,2,0,"2022","Salina"
"X20SGH002904",NA,3.85,100,120,77,NA,10,5,"2022","Salina"
"X20SGH000099",NA,0.5,33.33333333,65,77,NA,20,10,"2022","Salina"
"X20SGH003019",NA,1.588235294,64.70588235,90,77,NA,5,2,"2022","Salina"
"X20SGH000668",NA,3.3,100,100,77,NA,2,30,"2022","Salina"
"X20SGH003386",NA,1.75,70,85,77,NA,2,5,"2022","Salina"
"X20SGH003389",NA,1.45,55,100,75,NA,2,0,"2022","Salina"
"X20SGH001734",NA,1.4,80,110,69,NA,5,2,"2022","Salina"
"X20SGH001177",NA,3.75,100,120,73,NA,10,0,"2022","Salina"
"X20SGH002173",NA,3.75,100,120,75,NA,40,5,"2022","Salina"
"X20SGH002963",NA,2.15,90,85,77,NA,2,30,"2022","Salina"
"X20SGH003409",NA,3.75,100,100,75,NA,20,0,"2022","Salina"
"X20SGH001885",NA,2.7,95,95,77,NA,20,2,"2022","Salina"
"X20SGH003598",NA,3.7,100,90,73,NA,5,20,"2022","Salina"
"X20SGH000429",NA,4.1,100,125,77,NA,2,2,"2022","Salina"
"X20SGH003667",NA,1.65,70,135,77,NA,30,10,"2022","Salina"
"X20SGH001893",NA,4.1,100,100,77,NA,5,20,"2022","Salina"
"X20SGH000150",NA,3.9,100,120,77,NA,10,0,"2022","Salina"
"X20SGH001223",NA,2.95,85,110,77,NA,70,0,"2022","Salina"
"X20SGH003985",NA,NA,NA,100,69,NA,NA,NA,"2022","Salina"
"X20SGH003794",NA,2.9,85,100,77,NA,20,0,"2022","Salina"
"X20SGH000932",NA,2,50,30,65,NA,5,0,"2022","Salina"
"X20SGH000699",17.9,1.33333333,93.3333333,92,69,NA,NA,NA,"2021","Olathe"
"X20SGH002602",25.1,NA,NA,65,69,NA,NA,NA,"2021","Olathe"
"X20SGH001595",5.4,2,85.7142857,90,69,NA,NA,NA,"2021","Olathe"
"X20SGH002569",6.6,1.66666667,93.3333333,110,69,NA,NA,NA,"2021","Olathe"
"X20SGH001512",63.7,NA,NA,102,69,NA,NA,NA,"2021","Olathe"
"X20SGH001980",9.7,1.38461538,100,110,69,NA,NA,NA,"2021","Olathe"
"X20SGH003266",4.3,NA,NA,85,65,NA,NA,NA,"2021","Olathe"
"X20SGH000533",5.4,NA,NA,59,69,NA,NA,NA,"2021","Olathe"
"X20SGH002914",7.6,1.18181818,81.8181818,88,69,NA,NA,NA,"2021","Olathe"
"X20SGH002403",32.5,1.5,100,120,65,NA,NA,NA,"2021","Olathe"
"X20SGH003258",NA,NA,NA,60,69,NA,NA,NA,"2021","Olathe"
"X20SGH001071",NA,NA,NA,NA,NA,NA,NA,NA,"2021","Olathe"
"X20SGH000178",23.6,NA,NA,118,69,NA,NA,NA,"2021","Olathe"
"X20SGH003592",5.1,2.35714286,100,90,69,NA,NA,NA,"2021","Olathe"
"X20SGH001896",11.7,1.6,90,86,65,NA,NA,NA,"2021","Olathe"
"X20SGH003584",NA,NA,NA,60,69,NA,NA,NA,"2021","Olathe"
"X20SGH000670",10.4,1.6,86.6666667,111,65,NA,NA,NA,"2021","Olathe"
"X20SGH001067",8.5,1.8,100,99,65,NA,NA,NA,"2021","Olathe"
"X20SGH001814",7.2,2,100,134,65,NA,NA,NA,"2021","Olathe"
"X20SGH003237",36.6,NA,NA,84,69,NA,NA,NA,"2021","Olathe"
"X20SGH000187",6.4,1.6,100,121,69,NA,NA,NA,"2021","Olathe"
"X20SGH001566",2.2,NA,NA,85,61,NA,NA,NA,"2021","Olathe"
"X20SGH001587",12.5,2.3,100,112,69,NA,NA,NA,"2021","Olathe"
"X20SGH003910",6.8,NA,NA,115,65,NA,NA,NA,"2021","Olathe"
"X20SGH003947",23.6,2.38461538,100,100,65,NA,NA,NA,"2021","Olathe"
"X20SGH000249",10.7,NA,NA,80,69,NA,NA,NA,"2021","Olathe"
"X20SGH003061",NA,NA,NA,75,65,NA,NA,NA,"2021","Olathe"
"X20SGH001675",NA,NA,NA,NA,NA,NA,NA,NA,"2021","Olathe"
"X20SGH001618",NA,1.26666667,93.3333333,81,61,NA,NA,NA,"2021","Olathe"
"X20SGH000989",3.8,NA,NA,79,69,NA,NA,NA,"2021","Olathe"
"X20SGH002359",4.4,1.66666667,100,105,65,NA,NA,NA,"2021","Olathe"
"X20SGH000490",11.5,NA,NA,87,65,NA,NA,NA,"2021","Olathe"
"X20SGH001224",19.1,NA,NA,100,69,NA,NA,NA,"2021","Olathe"
"X20SGH000408",30.3,1.86666667,100,128,69,NA,NA,NA,"2021","Olathe"
"X20SGH003694",5,2.3,100,89,69,NA,NA,NA,"2021","Olathe"
"X20SGH003420",NA,NA,NA,NA,NA,NA,NA,NA,"2021","Olathe"
"X20SGH003729",NA,NA,NA,NA,NA,NA,NA,NA,"2021","Olathe"
"X20SGH002877",29.8,1.85714286,100,100,69,NA,NA,NA,"2021","Olathe"
"X20SGH001350",49.7,NA,NA,89,69,NA,NA,NA,"2021","Olathe"
"X20SGH003179",6.5,1.93333333,93.3333333,118,69,NA,NA,NA,"2021","Olathe"
"X20SGH000631",28.5,2.2,93.3333333,122,69,NA,NA,NA,"2021","Olathe"
"X20SGH002671",NA,NA,NA,NA,NA,NA,NA,NA,"2021","Olathe"
"X20SGH001864",25,1.73333333,93.3333333,109,69,NA,NA,NA,"2021","Olathe"
"X20SGH002736",18.5,1.9,90,90,69,NA,NA,NA,"2021","Olathe"
"X20SGH001782",NA,NA,NA,NA,NA,NA,NA,NA,"2021","Olathe"
"X20SGH003837",NA,NA,NA,NA,NA,NA,NA,NA,"2021","Olathe"
"X20SGH000718",2.1,2.28571429,100,130,69,NA,NA,NA,"2021","Olathe"
"X20SGH003018",3.3,2,100,119,69,NA,NA,NA,"2021","Olathe"
"X20SGH003977",NA,NA,NA,NA,NA,NA,NA,NA,"2021","Olathe"
"X20SGH003157",31.2,NA,NA,92,69,NA,NA,NA,"2021","Olathe"
"X20SGH001016",24.1,1.6,100,106,65,NA,NA,NA,"2021","Olathe"
"X20SGH003827",37.7,NA,NA,105,65,NA,NA,NA,"2021","Olathe"
"X20SGH001231",15.3,NA,NA,87,65,NA,NA,NA,"2021","Olathe"
"X20SGH003825",8,NA,NA,NA,NA,NA,NA,NA,"2021","Olathe"
"X20SGH001150",26.4,2,100,101,69,NA,NA,NA,"2021","Olathe"
"X20SGH003370",12.1,2.38461538,100,100,69,NA,NA,NA,"2021","Olathe"
"X20SGH002711",NA,NA,NA,NA,NA,NA,NA,NA,"2021","Olathe"
"X20SGH001135",11.1,2.08333333,100,95,69,NA,NA,NA,"2021","Olathe"
"X20SGH001239",38.7,NA,NA,102,69,NA,NA,NA,"2021","Olathe"
"X20SGH000911",7.3,2.4,100,102,69,NA,NA,NA,"2021","Olathe"
"X20SGH002622",3.9,2.4,100,103,69,NA,NA,NA,"2021","Olathe"
"X20SGH003339",4,1.86666667,100,114,69,NA,NA,NA,"2021","Olathe"
"X20SGH003057",3.5,1.42857143,78.5714286,124,65,NA,NA,NA,"2021","Olathe"
"X20SGH000551",7.4,1.53333333,100,140,69,NA,NA,NA,"2021","Olathe"
"X20SGH003089",3.7,2.33333333,100,124,69,NA,NA,NA,"2021","Olathe"
"X20SGH003623",30.9,NA,NA,103,65,NA,NA,NA,"2021","Olathe"
"X20SGH002372",8.2,2.2,100,120,69,NA,NA,NA,"2021","Olathe"
"X20SGH000621",4.4,2.27272727,90.9090909,100,69,NA,NA,NA,"2021","Olathe"
"X20SGH002689",23.2,1.66666667,91.6666667,109,61,NA,NA,NA,"2021","Olathe"
"X20SGH002672",13.5,2.30769231,92.3076923,95,69,NA,NA,NA,"2021","Olathe"
"X20SGH003897",13.9,1.93333333,100,120,65,NA,NA,NA,"2021","Olathe"
"X20SGH002546",4.9,2.26666667,100,106,65,NA,NA,NA,"2021","Olathe"
"X20SGH002234",2.6,1.86666667,100,129,69,NA,NA,NA,"2021","Olathe"
"X20SGH000933",4.8,2.6,100,130,69,NA,NA,NA,"2021","Olathe"
"X20SGH000938",84.3,2.7,100,114,65,NA,NA,NA,"2021","Olathe"
"X20SGH001174",142.3,NA,NA,119,65,NA,NA,NA,"2021","Olathe"
"X20SGH000983",148.4,2.3,100,102,65,NA,NA,NA,"2021","Olathe"
"X20SGH002341",17.6,2.30769231,84.6153846,131,69,NA,NA,NA,"2021","Olathe"
"X20SGH003799",5.5,2.66666667,100,89,69,NA,NA,NA,"2021","Olathe"
"X20SGH000333",12.7,1.66666667,80,74,61,NA,NA,NA,"2021","Olathe"
"X20SGH003332",27.7,1.83333333,83.3333333,103,69,NA,NA,NA,"2021","Olathe"
"X20SGH002170",NA,1.66666667,100,103,69,NA,NA,NA,"2021","Olathe"
"X20SGH002305",5.2,1.2,100,108,69,NA,NA,NA,"2021","Olathe"
"X20SGH002428",9,2.42857143,100,100,69,NA,NA,NA,"2021","Olathe"
"X20SGH001456",13.4,1.46666667,100,90,69,NA,NA,NA,"2021","Olathe"
"X20SGH002509",44,2.2,100,111,69,NA,NA,NA,"2021","Olathe"
"X20SGH003292",NA,NA,NA,89,65,NA,NA,NA,"2021","Olathe"
"X20SGH002272",21.9,1.66666667,100,96,69,NA,NA,NA,"2021","Olathe"
"X20SGH000420",12,NA,NA,70,65,NA,NA,NA,"2021","Olathe"
"X20SGH000285",13.1,1.2,86.6666667,124,61,NA,NA,NA,"2021","Olathe"
"X20SGH002847",41.7,NA,NA,87,65,NA,NA,NA,"2021","Olathe"
"X20SGH002745",8.3,1.86666667,100,99,69,NA,NA,NA,"2021","Olathe"
"X20SGH003379",50,NA,NA,55,65,NA,NA,NA,"2021","Olathe"
"X20SGH000930",2.1,2.66666667,100,109,69,NA,NA,NA,"2021","Olathe"
"X20SGH003293",51.8,NA,NA,99,69,NA,NA,NA,"2021","Olathe"
"X20SGH000902",NA,NA,NA,NA,NA,NA,NA,NA,"2021","Olathe"
"X20SGH002471",14.7,1.46666667,93.3333333,109,65,NA,NA,NA,"2021","Olathe"
"X20SGH002442",1,NA,NA,68,69,NA,NA,NA,"2021","Olathe"
"X20SGH003788",40.8,1.93333333,100,110,65,NA,NA,NA,"2021","Olathe"
"X20SGH003240",4.5,2.2,100,108,65,NA,NA,NA,"2021","Olathe"
"X20SGH001556",28.5,1.66666667,93.3333333,112,69,NA,NA,NA,"2021","Olathe"
"X20SGH000299",41.8,NA,NA,89,69,NA,NA,NA,"2021","Olathe"
"X20SGH002373",6.3,1.91666667,100,90,65,NA,NA,NA,"2021","Olathe"
"X20SGH001359",47.8,2,100,126,69,NA,NA,NA,"2021","Olathe"
"X20SGH003187",NA,NA,NA,NA,NA,NA,NA,NA,"2021","Olathe"
"X20SGH003443",26.6,NA,NA,96,65,NA,NA,NA,"2021","Olathe"
"X20SGH000979",98.9,2.2,100,91,65,NA,NA,NA,"2021","Olathe"
"X20SGH003359",7.5,NA,NA,65,61,NA,NA,NA,"2021","Olathe"
"X20SGH000027",14.3,1.46666667,86.6666667,107,65,NA,NA,NA,"2021","Olathe"
"X20SGH001387",4.1,1.81818182,100,94,65,NA,NA,NA,"2021","Olathe"
"X20SGH002778",6.3,1.93333333,93.3333333,105,69,NA,NA,NA,"2021","Olathe"
"X20SGH000132",NA,NA,NA,NA,NA,NA,NA,NA,"2021","Olathe"
"X20SGH001923",NA,1.84615385,100,102,69,NA,NA,NA,"2021","Olathe"
"X20SGH002441",5,2.26666667,100,103,69,NA,NA,NA,"2021","Olathe"
"X20SGH000897",2.1,NA,NA,95,69,NA,NA,NA,"2021","Olathe"
"X20SGH000050",50,2.07692308,100,101,61,NA,NA,NA,"2021","Olathe"
"X20SGH001332",7.8,1.86666667,100,123,69,NA,NA,NA,"2021","Olathe"
"X20SGH003259",NA,NA,NA,NA,NA,NA,NA,NA,"2021","Olathe"
"X20SGH002262",15.4,2.53333333,100,96,65,NA,NA,NA,"2021","Olathe"
"X20SGH000061",16.7,2.16666667,91.6666667,134,65,NA,NA,NA,"2021","Olathe"
"X20SGH000090",6.1,1.8,100,124,61,NA,NA,NA,"2021","Olathe"
"X20SGH003272",4.9,2.36363636,100,121,69,NA,NA,NA,"2021","Olathe"
"X20SGH003277",NA,NA,NA,NA,NA,NA,NA,NA,"2021","Olathe"
"X20SGH001772",NA,NA,NA,73,69,NA,NA,NA,"2021","Olathe"
"X20SGH001899",24.2,1.93333333,100,100,69,NA,NA,NA,"2021","Olathe"
"X20SGH002109",1.6,NA,NA,92,65,NA,NA,NA,"2021","Olathe"
"X20SGH003693",NA,NA,NA,NA,NA,NA,NA,NA,"2021","Olathe"
"X20SGH001692",NA,NA,NA,NA,NA,NA,NA,NA,"2021","Olathe"
"X20SGH002903",21.7,NA,NA,86,69,NA,NA,NA,"2021","Olathe"
"X20SGH002057",22.1,1.93333333,100,108,69,NA,NA,NA,"2021","Olathe"
"X20SGH000239",5.6,2.06666667,100,107,69,NA,NA,NA,"2021","Olathe"
"X20SGH001906",2.4,1.53333333,93.3333333,125,65,NA,NA,NA,"2021","Olathe"
"X20SGH001259",6.5,NA,NA,79,69,NA,NA,NA,"2021","Olathe"
"X20SGH001943",21.4,2.53333333,86.6666667,109,69,NA,NA,NA,"2021","Olathe"
"X20SGH000847",48,1.6,100,96,65,NA,NA,NA,"2021","Olathe"
"X20SGH003703",33.8,2.4,100,102,69,NA,NA,NA,"2021","Olathe"
"X20SGH000667",29.8,1.26666667,100,119,69,NA,NA,NA,"2021","Olathe"
"X20SGH001382",24,1.8,93.3333333,136,69,NA,NA,NA,"2021","Olathe"
"X20SGH002660",57.8,NA,NA,119,65,NA,NA,NA,"2021","Olathe"
"X20SGH001727",19,1.53333333,100,111,65,NA,NA,NA,"2021","Olathe"
"X20SGH002171",35.7,2.3,100,86,69,NA,NA,NA,"2021","Olathe"
"X20SGH003551",4.6,2.26666667,100,161,69,NA,NA,NA,"2021","Olathe"
"X20SGH003620",14.9,1.13333333,86.6666667,102,69,NA,NA,NA,"2021","Olathe"
"X20SGH001101",7.1,1.53333333,100,126,69,NA,NA,NA,"2021","Olathe"
"X20SGH001974",40.4,1.06666667,86.6666667,119,69,NA,NA,NA,"2021","Olathe"
"X20SGH000031",5.6,2.23076923,100,110,69,NA,NA,NA,"2021","Olathe"
"X20SGH001622",36.1,1.93333333,93.3333333,74,65,NA,NA,NA,"2021","Olathe"
"X20SGH002013",54.8,2.08333333,100,107,61,NA,NA,NA,"2021","Olathe"
"X20SGH000811",NA,NA,NA,75,65,NA,NA,NA,"2021","Olathe"
"X20SGH000057",11.2,1.8,100,124,69,NA,NA,NA,"2021","Olathe"
"X20SGH000060",NA,NA,NA,NA,NA,NA,NA,NA,"2021","Olathe"
"X20SGH002563",118.5,1.66666667,100,96,69,NA,NA,NA,"2021","Olathe"
"X20SGH001959",8.5,2.13333333,100,106,69,NA,NA,NA,"2021","Olathe"
"X20SGH003178",NA,NA,NA,NA,NA,NA,NA,NA,"2021","Olathe"
"X20SGH001965",43.6,NA,NA,109,65,NA,NA,NA,"2021","Olathe"
"X20SGH000860",2.4,2.33333333,100,135,65,NA,NA,NA,"2021","Olathe"
"X20SGH001173",12.6,1.26666667,86.6666667,94,69,NA,NA,NA,"2021","Olathe"
"X20SGH002190",8.2,1.53333333,93.3333333,99,65,NA,NA,NA,"2021","Olathe"
"X20SGH003751",23.7,1.91666667,100,101,65,NA,NA,NA,"2021","Olathe"
"X20SGH002537",3.1,2.08333333,91.6666667,103,69,NA,NA,NA,"2021","Olathe"
"X20SGH003360",NA,NA,NA,NA,NA,NA,NA,NA,"2021","Olathe"
"X20SGH000267",12.3,2.66666667,100,110,65,NA,NA,NA,"2021","Olathe"
"X20SGH002698",72.9,1.8,100,122,69,NA,NA,NA,"2021","Olathe"
"X20SGH002304",15.9,1.75,100,92,69,NA,NA,NA,"2021","Olathe"
"X20SGH001856",21.6,2.4,100,111,65,NA,NA,NA,"2021","Olathe"
"X20SGH002180",33.3,2.2,100,126,69,NA,NA,NA,"2021","Olathe"
"X20SGH002020",7.5,1.72727273,100,125,69,NA,NA,NA,"2021","Olathe"
"X20SGH002461",3.6,1.4,100,119,69,NA,NA,NA,"2021","Olathe"
"X20SGH002540",2,2.7,100,114,69,NA,NA,NA,"2021","Olathe"
"X20SGH003501",125.4,1.71428571,92.8571429,116,65,NA,NA,NA,"2021","Olathe"
"X20SGH002036",12.2,1.93333333,100,127,65,NA,NA,NA,"2021","Olathe"
"X20SGH002571",4.4,1.2,93.3333333,130,69,NA,NA,NA,"2021","Olathe"
"X20SGH000382",11.9,1.6,93.3333333,92,69,NA,NA,NA,"2021","Olathe"
"X20SGH001707",NA,1.13333333,73.3333333,99,65,NA,NA,NA,"2021","Olathe"
"X20SGH000535",11.6,2,100,112,69,NA,NA,NA,"2021","Olathe"
"X20SGH001774",5,NA,NA,74,69,NA,NA,NA,"2021","Olathe"
"X20SGH000744",1.9,2.26666667,100,123,69,NA,NA,NA,"2021","Olathe"
"X20SGH000780",18,2.33333333,100,93,65,NA,NA,NA,"2021","Olathe"
"X20SGH002776",NA,NA,NA,NA,NA,NA,NA,NA,"2021","Olathe"
"X20SGH001831",29,1.33333333,93.3333333,97,69,NA,NA,NA,"2021","Olathe"
"X20SGH000855",5.6,1.71428571,100,115,69,NA,NA,NA,"2021","Olathe"
"X20SGH003829",25.3,1.06666667,73.3333333,110,69,NA,NA,NA,"2021","Olathe"
"X20SGH003862",3.1,1.73333333,100,126,65,NA,NA,NA,"2021","Olathe"
"X20SGH002791",9.8,2.13333333,100,103,69,NA,NA,NA,"2021","Olathe"
"X20SGH002506",6.1,1.72727273,100,132,65,NA,NA,NA,"2021","Olathe"
"X20SGH002941",12,1.4,100,92,65,NA,NA,NA,"2021","Olathe"
"X20SGH002314",NA,1.46666667,93.3333333,109,69,NA,NA,NA,"2021","Olathe"
"X20SGH000349",73,1.86666667,100,135,69,NA,NA,NA,"2021","Olathe"
"X20SGH001541",5.1,1.33333333,100,98,65,NA,NA,NA,"2021","Olathe"
"X20SGH002701",2.6,1.66666667,100,125,69,NA,NA,NA,"2021","Olathe"
"X20SGH001235",4.4,0.8,73.3333333,98,69,NA,NA,NA,"2021","Olathe"
"X20SGH002548",4.2,2.45454545,100,100,69,NA,NA,NA,"2021","Olathe"
"X20SGH003748",7.3,NA,NA,86,65,NA,NA,NA,"2021","Olathe"
"X20SGH000972",4.7,2.13333333,100,123,69,NA,NA,NA,"2021","Olathe"
"X20SGH002709",66.4,1.9,100,104,69,NA,NA,NA,"2021","Olathe"
"X20SGH003027",NA,NA,NA,NA,NA,NA,NA,NA,"2021","Olathe"
"X20SGH000839",10,1.53333333,100,114,69,NA,NA,NA,"2021","Olathe"
"X20SGH002611",13.9,1.6,100,118,61,NA,NA,NA,"2021","Olathe"
"X20SGH002662",31.1,1.26666667,80,129,69,NA,NA,NA,"2021","Olathe"
"X20SGH000706",8.5,0.73333333,66.6666667,127,69,NA,NA,NA,"2021","Olathe"
"X20SGH000088",60,1.86666667,100,145,69,NA,NA,NA,"2021","Olathe"
"X20SGH003817",NA,NA,NA,NA,NA,NA,NA,NA,"2021","Olathe"
"X20SGH003738",22.8,1,86.6666667,121,69,NA,NA,NA,"2021","Olathe"
"X20SGH003350",75.4,NA,NA,128,69,NA,NA,NA,"2021","Olathe"
"X20SGH000351",3.9,2.53333333,100,104,69,NA,NA,NA,"2021","Olathe"
"X20SGH002930",27.4,1.30769231,92.3076923,113,69,NA,NA,NA,"2021","Olathe"
"X20SGH000828",76.1,2.41666667,100,98,69,NA,NA,NA,"2021","Olathe"
"X20SGH001502",4.4,1,85.7142857,99,69,NA,NA,NA,"2021","Olathe"
"X20SGH003231",22.2,NA,NA,61,61,NA,NA,NA,"2021","Olathe"
"X20SGH000139",4.6,1.53333333,100,159,65,NA,NA,NA,"2021","Olathe"
"X20SGH003158",13.8,1.33333333,86.6666667,129,69,NA,NA,NA,"2021","Olathe"
"X20SGH000468",8,1.4,93.3333333,124,69,NA,NA,NA,"2021","Olathe"
"X20SGH000663",2.8,0.8,73.3333333,99,69,NA,NA,NA,"2021","Olathe"
"X20SGH002280",18.3,1.26666667,86.6666667,124,69,NA,NA,NA,"2021","Olathe"
"X20SGH003014",NA,NA,NA,NA,69,NA,NA,NA,"2021","Olathe"
"X20SGH000092",4.9,1.13333333,80,110,69,NA,NA,NA,"2021","Olathe"
"X20SGH003396",23.4,1.2,86.6666667,96,69,NA,NA,NA,"2021","Olathe"
"X20SGH000399",20.2,1.8,100,119,65,NA,NA,NA,"2021","Olathe"
"X20SGH003473",16.4,1,72.7272727,106,69,NA,NA,NA,"2021","Olathe"
"X20SGH000335",21.5,1,86.6666667,109,65,NA,NA,NA,"2021","Olathe"
"X20SGH003053",13.5,NA,NA,101,65,NA,NA,NA,"2021","Olathe"
"X20SGH000366",2.7,1.46666667,66.6666667,110,65,NA,NA,NA,"2021","Olathe"
"X20SGH000170",7.2,2.53333333,100,147,69,NA,NA,NA,"2021","Olathe"
"X20SGH002331",6.3,0.8,66.6666667,131,69,NA,NA,NA,"2021","Olathe"
"X20SGH000067",1.6,0.93333333,80,129,69,NA,NA,NA,"2021","Olathe"
"X20SGH001695",31.8,1.53333333,93.3333333,118,65,NA,NA,NA,"2021","Olathe"
"X20SGH003304",2.4,NA,NA,78,69,NA,NA,NA,"2021","Olathe"
"X20SGH000312",4.8,NA,NA,85,69,NA,NA,NA,"2021","Olathe"
"X20SGH003118",NA,NA,NA,NA,NA,NA,NA,NA,"2021","Olathe"
"X20SGH000158",57.7,1.2,80,120,69,NA,NA,NA,"2021","Olathe"
"X20SGH001798",58.3,NA,NA,115,69,NA,NA,NA,"2021","Olathe"
"X20SGH003515",41.9,NA,NA,97,69,NA,NA,NA,"2021","Olathe"
"X20SGH000552",12.8,NA,NA,75,61,NA,NA,NA,"2021","Olathe"
"X20SGH000554",3,1.26666667,80,108,65,NA,NA,NA,"2021","Olathe"
"X20SGH000207",4.1,2.4,100,115,69,NA,NA,NA,"2021","Olathe"
"X20SGH000131",4.6,2.33333333,100,90,69,NA,NA,NA,"2021","Olathe"
"X20SGH002197",6.7,1.7,100,104,65,NA,NA,NA,"2021","Olathe"
"X20SGH003465",NA,NA,NA,93,65,NA,NA,NA,"2021","Olathe"
"X20SGH000651",22,0.92307692,76.9230769,96,69,NA,NA,NA,"2021","Olathe"
"X20SGH003587",NA,NA,NA,NA,NA,NA,NA,NA,"2021","Olathe"
"X20SGH002251",6.2,0.86666667,73.3333333,115,69,NA,NA,NA,"2021","Olathe"
"X20SGH001299",3.3,0.73333333,60,99,69,NA,NA,NA,"2021","Olathe"
"X20SGH002861",2,1.53333333,86.6666667,117,69,NA,NA,NA,"2021","Olathe"
"X20SGH003563",NA,NA,NA,NA,NA,NA,NA,NA,"2021","Olathe"
"X20SGH003051",62.6,1.8,80,124,69,NA,NA,NA,"2021","Olathe"
"X20SGH000472",35.2,0.76923077,69.2307692,121,69,NA,NA,NA,"2021","Olathe"
"X20SGH001741",58.7,2.06666667,100,82,65,NA,NA,NA,"2021","Olathe"
"X20SGH000413",5.5,3.35714286,100,96,69,NA,NA,NA,"2021","Olathe"
"X20SGH001538",29,2.15384615,100,102,69,NA,NA,NA,"2021","Olathe"
"X20SGH000066",21.6,2.53333333,100,101,69,NA,NA,NA,"2021","Olathe"
"X20SGH000225",23.5,1.13333333,80,98,69,NA,NA,NA,"2021","Olathe"
"X20SGH002061",17.4,2.2,100,108,65,NA,NA,NA,"2021","Olathe"
"X20SGH000227",NA,2.33333333,100,116,69,NA,NA,NA,"2021","Olathe"
"X20SGH000254",11.3,1.4,86.6666667,110,69,NA,NA,NA,"2021","Olathe"
"X20SGH000271",4.1,1.66666667,100,103,69,NA,NA,NA,"2021","Olathe"
"X20SGH002801",19.7,1.27272727,90.9090909,95,65,NA,NA,NA,"2021","Olathe"
"X20SGH002187",16.2,1.13333333,80,107,69,NA,NA,NA,"2021","Olathe"
"X20SGH002098",NA,1.2,73.3333333,115,69,NA,NA,NA,"2021","Olathe"
"X20SGH002910",6.5,2,100,99,69,NA,NA,NA,"2021","Olathe"
"X20SGH000835",79,2.2,100,91,69,NA,NA,NA,"2021","Olathe"
"X20SGH002954",36.8,1.2,86.6666667,117,65,NA,NA,NA,"2021","Olathe"
"X20SGH003868",9.8,NA,NA,80,59,NA,NA,NA,"2021","Olathe"
"X20SGH001087",3.7,2,100,120,65,NA,NA,NA,"2021","Olathe"
"X20SGH001424",4.2,1.2,80,122,65,NA,NA,NA,"2021","Olathe"
"X20SGH001434",21.8,1.53333333,100,121,69,NA,NA,NA,"2021","Olathe"
"X20SGH000627",2.2,2,100,123,69,NA,NA,NA,"2021","Olathe"
"X20SGH000214",44.2,2.26666667,100,112,69,NA,NA,NA,"2021","Olathe"
"X20SGH001051",3.2,0.93333333,80,120,69,NA,NA,NA,"2021","Olathe"
"X20SGH003247",NA,NA,NA,60,65,NA,NA,NA,"2021","Olathe"
"X20SGH000997",NA,1.86666667,93.3333333,106,69,NA,NA,NA,"2021","Olathe"
"X20SGH000462",2.9,0.4,40,139,69,NA,NA,NA,"2021","Olathe"
"X20SGH002998",NA,NA,NA,NA,57,NA,NA,NA,"2021","Olathe"
"X20SGH002194",3.6,2.46666667,100,130,69,NA,NA,NA,"2021","Olathe"
"X20SGH000055",5.6,1.6,93.3333333,138,69,NA,NA,NA,"2021","Olathe"
"X20SGH001245",47.4,1.6,100,119,69,NA,NA,NA,"2021","Olathe"
"X20SGH003347",NA,NA,NA,NA,59,NA,NA,NA,"2021","Olathe"
"X20SGH003902",8.7,1.66666667,100,113,69,NA,NA,NA,"2021","Olathe"
"X20SGH002798",16.2,1.86666667,100,91,65,NA,NA,NA,"2021","Olathe"
"X20SGH003811",10,1.8,93.3333333,90,69,NA,NA,NA,"2021","Olathe"
"X20SGH003054",NA,NA,NA,NA,NA,NA,NA,NA,"2021","Olathe"
"X20SGH001139",6.2,1.8,100,122,69,NA,NA,NA,"2021","Olathe"
"X20SGH003769",NA,NA,NA,68,65,NA,NA,NA,"2021","Olathe"
"X20SGH003410",NA,NA,NA,NA,NA,NA,NA,NA,"2021","Olathe"
"X20SGH001789",18.4,1.4,93.3333333,114,69,NA,NA,NA,"2021","Olathe"
"X20SGH000417",34.6,2.2,100,101,69,NA,NA,NA,"2021","Olathe"
"X20SGH003098",2.9,1.15384615,84.6153846,116,69,NA,NA,NA,"2021","Olathe"
"X20SGH002357",10.7,1.73333333,93.3333333,142,69,NA,NA,NA,"2021","Olathe"
"X20SGH003412",46.6,2.27272727,100,81,69,NA,NA,NA,"2021","Olathe"
"X20SGH002831",16.1,2.13333333,100,106,69,NA,NA,NA,"2021","Olathe"
"X20SGH000892",15.4,1.92307692,100,130,69,NA,NA,NA,"2021","Olathe"
"X20SGH000460",5.3,1.33333333,93.3333333,100,69,NA,NA,NA,"2021","Olathe"
"X20SGH000935",1.7,1.86666667,100,126,69,NA,NA,NA,"2021","Olathe"
"X20SGH003062",1.7,1.2,93.3333333,122,65,NA,NA,NA,"2021","Olathe"
"X20SGH001731",41.2,1.53333333,86.6666667,114,65,NA,NA,NA,"2021","Olathe"
"X20SGH000197",27.6,1.33333333,86.6666667,112,69,NA,NA,NA,"2021","Olathe"
"X20SGH002931",7.3,1.46666667,100,111,65,NA,NA,NA,"2021","Olathe"
"X20SGH003159",28,NA,NA,80,65,NA,NA,NA,"2021","Olathe"
"X20SGH003124",6.3,1.08333333,91.6666667,93,65,NA,NA,NA,"2021","Olathe"
"X20SGH003219",9.5,2,100,96,69,NA,NA,NA,"2021","Olathe"
"X20SGH000479",31.7,2.06666667,100,118,61,NA,NA,NA,"2021","Olathe"
"X20SGH002402",2.5,1.2,86.6666667,120,69,NA,NA,NA,"2021","Olathe"
"X20SGH001192",5.6,1.4,86.6666667,139,69,NA,NA,NA,"2021","Olathe"
"X20SGH003638",3.5,1.86666667,100,115,69,NA,NA,NA,"2021","Olathe"
"X20SGH001388",7.6,2,100,130,69,NA,NA,NA,"2021","Olathe"
"X20SGH000582",39.7,NA,NA,89,69,NA,NA,NA,"2021","Olathe"
"X20SGH002893",18,2.06666667,100,120,69,NA,NA,NA,"2021","Olathe"
"X20SGH002754",69.9,2.83333333,100,111,69,NA,NA,NA,"2021","Olathe"
"X20SGH000388",6.9,NA,NA,91,65,NA,NA,NA,"2021","Olathe"
"X20SGH001357",43.5,2.26666667,93.3333333,89,69,NA,NA,NA,"2021","Olathe"
"X20SGH002394",5.5,1.86666667,100,83,65,NA,NA,NA,"2021","Olathe"
"X20SGH001491",13.6,1.73333333,100,90,69,NA,NA,NA,"2021","Olathe"
"X20SGH002295",12.6,1.6,100,104,65,NA,NA,NA,"2021","Olathe"
"X20SGH001120",8.4,0.93333333,73.3333333,117,69,NA,NA,NA,"2021","Olathe"
"X20SGH003536",4.8,1.4,93.3333333,120,69,NA,NA,NA,"2021","Olathe"
"X20SGH003461",17,1.46666667,100,130,65,NA,NA,NA,"2021","Olathe"
"X20SGH001439",5,1.53333333,93.3333333,132,69,NA,NA,NA,"2021","Olathe"
"X20SGH001971",12.4,0.86666667,66.6666667,104,61,NA,NA,NA,"2021","Olathe"
"X20SGH000496",7.5,1.46666667,93.3333333,103,65,NA,NA,NA,"2021","Olathe"
"X20SGH003310",NA,NA,NA,56,57,NA,NA,NA,"2021","Olathe"
"X20SGH002620",5.4,NA,NA,91,69,NA,NA,NA,"2021","Olathe"
"X20SGH002989",1.5,0.93333333,73.3333333,105,69,NA,NA,NA,"2021","Olathe"
"X20SGH001059",11.6,1.53846154,100,110,69,NA,NA,NA,"2021","Olathe"
"X20SGH003920",17.2,1.6,93.3333333,122,69,NA,NA,NA,"2021","Olathe"
"X20SGH000586",7,1.73333333,93.3333333,108,69,NA,NA,NA,"2021","Olathe"
"X20SGH001440",NA,NA,NA,NA,NA,NA,NA,NA,"2021","Olathe"
"X20SGH003280",10,NA,NA,90,65,NA,NA,NA,"2021","Olathe"
"X20SGH002419",3.7,2,100,114,69,NA,NA,NA,"2021","Olathe"
"X20SGH002334",8.3,NA,NA,85,69,NA,NA,NA,"2021","Olathe"
"X20SGH002238",3,1.53333333,86.6666667,124,69,NA,NA,NA,"2021","Olathe"
"X20SGH002156",5.3,1.73333333,100,103,69,NA,NA,NA,"2021","Olathe"
"X20SGH003851",11.9,2,100,115,65,NA,NA,NA,"2021","Olathe"
"X20SGH000790",2.2,NA,NA,95,69,NA,NA,NA,"2021","Olathe"
"X20SGH002338",21.8,2,100,141,69,NA,NA,NA,"2021","Olathe"
"X20SGH000033",16.3,1.93333333,100,106,69,NA,NA,NA,"2021","Olathe"
"X20SGH002149",13.5,2.33333333,100,114,69,NA,NA,NA,"2021","Olathe"
"X20SGH000614",23.3,1.6,100,97,65,NA,NA,NA,"2021","Olathe"
"X20SGH003432",NA,NA,NA,NA,NA,NA,NA,NA,"2021","Olathe"
"X20SGH000519",7.7,1.30769231,100,108,65,NA,NA,NA,"2021","Olathe"
"X20SGH003696",NA,NA,NA,NA,NA,NA,NA,NA,"2021","Olathe"
"X20SGH000500",3.5,NA,NA,81,69,NA,NA,NA,"2021","Olathe"
"X20SGH003453",1.6,1.33333333,75,113,69,NA,NA,NA,"2021","Olathe"
"X20SGH002137",8,1.26666667,86.6666667,123,69,NA,NA,NA,"2021","Olathe"
"X20SGH001270",10.7,1.53333333,100,106,69,NA,NA,NA,"2021","Olathe"
"X20SGH001699",3.6,1.33333333,73.3333333,120,69,NA,NA,NA,"2021","Olathe"
"X20SGH001666",5.4,2,100,120,69,NA,NA,NA,"2021","Olathe"
"X20SGH001392",57.1,1.86666667,93.3333333,100,69,NA,NA,NA,"2021","Olathe"
"X20SGH001477",16.7,NA,NA,54,59,NA,NA,NA,"2021","Olathe"
"X20SGH002856",49.4,2,100,134,65,NA,NA,NA,"2021","Olathe"
"X20SGH001395",14.4,2.06666667,100,141,71,NA,NA,NA,"2021","Olathe"
"X20SGH001420",13.5,1.13333333,93.3333333,125,69,NA,NA,NA,"2021","Olathe"
"X20SGH003820",13.8,1.73333333,100,105,69,NA,NA,NA,"2021","Olathe"
"X20SGH001320",12.3,1,80,150,69,NA,NA,NA,"2021","Olathe"
"X20SGH000837",14,2.2,100,119,69,NA,NA,NA,"2021","Olathe"
"X20SGH001360",135.1,2.93333333,100,98,65,NA,NA,NA,"2021","Olathe"
"X20SGH003091",4.1,2,100,117,69,NA,NA,NA,"2021","Olathe"
"X20SGH002227",37.8,1.33333333,100,129,69,NA,NA,NA,"2021","Olathe"
"X20SGH000755",1.8,0.8,60,128,69,NA,NA,NA,"2021","Olathe"
"X20SGH001504",2.1,1.61538462,100,128,69,NA,NA,NA,"2021","Olathe"
"X20SGH000710",12.6,1.13333333,86.6666667,124,71,NA,NA,NA,"2021","Olathe"
"X20SGH003169",6.2,NA,NA,83,69,NA,NA,NA,"2021","Olathe"
"X20SGH003854",8.2,2.46666667,100,120,69,NA,NA,NA,"2021","Olathe"
"X20SGH003369",NA,NA,NA,90,61,NA,NA,NA,"2021","Olathe"
"X20SGH002044",3.3,2.2,100,110,69,NA,NA,NA,"2021","Olathe"
"X20SGH003506",9.2,NA,NA,94,69,NA,NA,NA,"2021","Olathe"
"X20SGH000699",NA,2.65,90,110,65,NA,2,0,"2022","Olathe"
"X20SGH002602",NA,1.2,70,60,77,NA,0,2,"2022","Olathe"
"X20SGH001595",NA,1.142857143,42.85714286,100,69,NA,30,5,"2022","Olathe"
"X20SGH002569",NA,2.05,90,115,71,NA,10,30,"2022","Olathe"
"X20SGH001512",NA,1.166666667,50,100,69,NA,10,30,"2022","Olathe"
"X20SGH001980",NA,1.2,65,1,69,NA,10,30,"2022","Olathe"
"X20SGH003266",NA,1.444444444,83.33333333,120,73,NA,0,0,"2022","Olathe"
"X20SGH000533",NA,NA,NA,75,NA,NA,NA,NA,"2022","Olathe"
"X20SGH002914",NA,0.642857143,35.71428571,110,71,NA,30,10,"2022","Olathe"
"X20SGH002403",NA,1.2,70,130,69,NA,10,30,"2022","Olathe"
"X20SGH003258",NA,NA,NA,NA,NA,NA,NA,NA,"2022","Olathe"
"X20SGH001071",NA,NA,NA,NA,NA,NA,NA,NA,"2022","Olathe"
"X20SGH000178",NA,1.2,65,115,69,NA,5,10,"2022","Olathe"
"X20SGH003592",NA,1.4,65,100,71,NA,5,5,"2022","Olathe"
"X20SGH001896",NA,1.357142857,85.71428571,110,69,NA,2,5,"2022","Olathe"
"X20SGH003584",NA,1.615384615,61.53846154,75,69,NA,10,5,"2022","Olathe"
"X20SGH000670",NA,1.6,75,105,71,NA,20,30,"2022","Olathe"
"X20SGH001067",NA,1.5,58.33333333,100,69,NA,10,10,"2022","Olathe"
"X20SGH001814",NA,2.9,100,130,71,NA,5,5,"2022","Olathe"
"X20SGH003237",NA,1.333333333,66.66666667,80,69,NA,5,5,"2022","Olathe"
"X20SGH000187",NA,1.65,90,130,71,NA,5,20,"2022","Olathe"
"X20SGH001566",NA,0.857142857,57.14285714,110,65,NA,5,5,"2022","Olathe"
"X20SGH001587",NA,0.5,30,110,65,NA,2,0,"2022","Olathe"
"X20SGH003910",NA,1.15,65,125,69,NA,20,5,"2022","Olathe"
"X20SGH003947",NA,NA,NA,NA,NA,NA,NA,NA,"2022","Olathe"
"X20SGH000249",NA,NA,NA,NA,NA,NA,NA,NA,"2022","Olathe"
"X20SGH003061",NA,NA,NA,NA,NA,NA,NA,NA,"2022","Olathe"
"X20SGH001675",NA,NA,NA,NA,NA,NA,NA,NA,"2022","Olathe"
"X20SGH001618",NA,NA,NA,NA,NA,NA,NA,NA,"2022","Olathe"
"X20SGH000989",NA,NA,NA,NA,NA,NA,NA,NA,"2022","Olathe"
"X20SGH002359",NA,1.8,65,110,69,NA,5,40,"2022","Olathe"
"X20SGH000490",NA,NA,NA,NA,NA,NA,NA,NA,"2022","Olathe"
"X20SGH001224",NA,1.625,75,110,69,NA,20,30,"2022","Olathe"
"X20SGH000408",NA,1.05,80,130,69,NA,10,2,"2022","Olathe"
"X20SGH003694",NA,2.05,75,NA,69,NA,20,2,"2022","Olathe"
"X20SGH003420",NA,NA,NA,NA,NA,NA,NA,NA,"2022","Olathe"
"X20SGH003729",NA,NA,NA,NA,NA,NA,NA,NA,"2022","Olathe"
"X20SGH002877",NA,1,100,NA,59,NA,2,0,"2022","Olathe"
"X20SGH001350",NA,NA,NA,NA,NA,NA,NA,NA,"2022","Olathe"
"X20SGH003179",NA,2.55,90,120,71,NA,0,10,"2022","Olathe"
"X20SGH000631",NA,2.15,90,120,69,NA,NA,10,"2022","Olathe"
"X20SGH002671",NA,NA,NA,NA,41,NA,NA,NA,"2022","Olathe"
"X20SGH001864",NA,1.95,85,110,71,NA,5,5,"2022","Olathe"
"X20SGH002736",NA,1,61.11111111,90,69,NA,5,10,"2022","Olathe"
"X20SGH001782",NA,NA,NA,NA,NA,NA,NA,NA,"2022","Olathe"
"X20SGH003837",NA,NA,NA,NA,NA,NA,NA,NA,"2022","Olathe"
"X20SGH000718",NA,1.3,70,130,69,NA,5,10,"2022","Olathe"
"X20SGH003018",NA,1.9375,81.25,120,69,NA,30,10,"2022","Olathe"
"X20SGH003977",NA,NA,NA,NA,NA,NA,NA,NA,"2022","Olathe"
"X20SGH003157",NA,NA,NA,NA,NA,NA,NA,NA,"2022","Olathe"
"X20SGH001016",NA,1.65,80,110,69,NA,5,40,"2022","Olathe"
"X20SGH003827",NA,1.090909091,54.54545455,75,61,NA,5,2,"2022","Olathe"
"X20SGH001231",NA,NA,NA,NA,NA,NA,NA,NA,"2022","Olathe"
"X20SGH003825",NA,NA,NA,NA,NA,NA,NA,NA,"2022","Olathe"
"X20SGH001150",NA,1.75,75,120,69,NA,30,40,"2022","Olathe"
"X20SGH003370",NA,3.55,100,110,69,NA,2,10,"2022","Olathe"
"X20SGH002711",NA,NA,NA,NA,NA,NA,NA,NA,"2022","Olathe"
"X20SGH001135",NA,2.416666667,91.66666667,85,71,NA,5,20,"2022","Olathe"
"X20SGH001239",NA,4.05,100,120,71,NA,30,20,"2022","Olathe"
"X20SGH000911",NA,3.55,100,130,69,NA,5,30,"2022","Olathe"
"X20SGH002622",NA,3.65,100,125,71,NA,20,20,"2022","Olathe"
"X20SGH003339",NA,3.85,100,130,71,NA,5,20,"2022","Olathe"
"X20SGH003057",NA,1.6,90,125,71,NA,10,2,"2022","Olathe"
"X20SGH000551",NA,2.85,95,150,69,NA,60,10,"2022","Olathe"
"X20SGH003089",NA,3.35,95,135,71,NA,20,2,"2022","Olathe"
"X20SGH003623",NA,1.75,75,120,69,NA,40,40,"2022","Olathe"
"X20SGH002372",NA,2.95,100,120,69,NA,10,2,"2022","Olathe"
"X20SGH000621",NA,2.25,80,110,71,NA,10,10,"2022","Olathe"
"X20SGH002689",NA,1.95,85,115,69,NA,30,10,"2022","Olathe"
"X20SGH002672",NA,2.55,90,110,69,NA,5,10,"2022","Olathe"
"X20SGH003897",NA,1.75,80,130,71,NA,5,10,"2022","Olathe"
"X20SGH002546",NA,2.85,90,125,71,NA,60,40,"2022","Olathe"
"X20SGH002234",NA,2.15,85,130,71,NA,20,10,"2022","Olathe"
"X20SGH000933",NA,2.5,90,120,69,NA,20,30,"2022","Olathe"
"X20SGH000938",NA,1.15,75,110,69,NA,40,20,"2022","Olathe"
"X20SGH001174",NA,2.8125,81.25,105,69,NA,10,30,"2022","Olathe"
"X20SGH000983",NA,NA,NA,50,41,NA,2,20,"2022","Olathe"
"X20SGH002341",NA,1.85,90,140,69,NA,60,30,"2022","Olathe"
"X20SGH003799",NA,1.210526316,57.89473684,95,69,NA,10,10,"2022","Olathe"
"X20SGH000333",NA,3.45,100,90,71,NA,10,10,"2022","Olathe"
"X20SGH003332",NA,2.368421053,73.68421053,130,71,NA,2,2,"2022","Olathe"
"X20SGH002170",NA,1.571428571,71.42857143,105,69,NA,5,20,"2022","Olathe"
"X20SGH002305",NA,1.3,65,140,69,NA,10,10,"2022","Olathe"
"X20SGH002428",NA,1.95,90,100,69,NA,60,30,"2022","Olathe"
"X20SGH001456",NA,2.25,90,110,69,NA,10,2,"2022","Olathe"
"X20SGH002509",NA,1.45,60,110,69,NA,10,10,"2022","Olathe"
"X20SGH003292",NA,0,0,75,47,NA,10,30,"2022","Olathe"
"X20SGH002272",NA,1.0625,62.5,NA,69,NA,5,20,"2022","Olathe"
"X20SGH000420",NA,NA,NA,130,57,NA,NA,NA,"2022","Olathe"
"X20SGH000285",NA,1.85,80,110,69,NA,10,2,"2022","Olathe"
"X20SGH002847",NA,1.333333333,100,80,71,NA,2,0,"2022","Olathe"
"X20SGH002745",NA,1.333333333,50,NA,69,NA,5,20,"2022","Olathe"
"X20SGH003379",NA,NA,NA,NA,NA,NA,NA,NA,"2022","Olathe"
"X20SGH000930",NA,2.4,85,100,69,NA,20,60,"2022","Olathe"
"X20SGH003293",NA,NA,NA,50,55,NA,NA,NA,"2022","Olathe"
"X20SGH000902",NA,NA,NA,NA,NA,NA,NA,NA,"2022","Olathe"
"X20SGH002471",NA,3.3,100,130,69,NA,2,20,"2022","Olathe"
"X20SGH002442",NA,1.25,75,100,61,NA,2,5,"2022","Olathe"
"X20SGH003788",NA,3.4,100,120,71,NA,70,5,"2022","Olathe"
"X20SGH003240",NA,2.95,100,120,71,NA,40,20,"2022","Olathe"
"X20SGH001556",NA,3.75,100,120,71,NA,5,2,"2022","Olathe"
"X20SGH000299",NA,1.9,85,105,69,NA,20,20,"2022","Olathe"
"X20SGH002373",NA,2.153846154,84.61538462,110,69,NA,50,60,"2022","Olathe"
"X20SGH001359",NA,2.2,85,130,65,NA,50,40,"2022","Olathe"
"X20SGH003187",NA,NA,NA,NA,NA,NA,NA,NA,"2022","Olathe"
"X20SGH003443",NA,0.923076923,46.15384615,110,69,NA,20,30,"2022","Olathe"
"X20SGH000979",NA,1,33.33333333,75,61,NA,0,0,"2022","Olathe"
"X20SGH003359",NA,NA,NA,NA,NA,NA,NA,NA,"2022","Olathe"
"X20SGH000027",NA,2.421052632,94.73684211,110,69,NA,30,20,"2022","Olathe"
"X20SGH001387",NA,0.25,12.5,110,61,NA,5,20,"2022","Olathe"
"X20SGH002778",NA,NA,NA,NA,NA,NA,NA,NA,"2022","Olathe"
"X20SGH000132",NA,NA,NA,NA,NA,NA,NA,NA,"2022","Olathe"
"X20SGH001923",NA,0.5,33.33333333,80,51,NA,5,20,"2022","Olathe"
"X20SGH002441",NA,NA,NA,100,NA,NA,NA,NA,"2022","Olathe"
"X20SGH000897",NA,0.833333333,66.66666667,NA,57,NA,10,2,"2022","Olathe"
"X20SGH000050",NA,NA,NA,NA,41,NA,NA,NA,"2022","Olathe"
"X20SGH001332",NA,1.05,80,130,65,NA,10,30,"2022","Olathe"
"X20SGH003259",NA,0,0,130,57,NA,0,0,"2022","Olathe"
"X20SGH002262",NA,0.5,50,NA,57,NA,0,2,"2022","Olathe"
"X20SGH000061",NA,0.714285714,50,125,61,NA,2,5,"2022","Olathe"
"X20SGH000090",NA,0.35,30,125,69,NA,20,2,"2022","Olathe"
"X20SGH003272",NA,0.95,65,115,69,NA,40,2,"2022","Olathe"
"X20SGH003277",NA,NA,NA,NA,NA,NA,NA,NA,"2022","Olathe"
"X20SGH001772",NA,NA,NA,NA,NA,NA,NA,NA,"2022","Olathe"
"X20SGH001899",NA,1.4,65,105,71,NA,10,10,"2022","Olathe"
"X20SGH002109",NA,0.666666667,50,110,69,NA,5,60,"2022","Olathe"
"X20SGH003693",NA,NA,NA,NA,NA,NA,NA,NA,"2022","Olathe"
"X20SGH001692",NA,NA,NA,115,59,NA,NA,NA,"2022","Olathe"
"X20SGH002903",NA,1.75,50,115,53,NA,2,2,"2022","Olathe"
"X20SGH002057",NA,3,100,120,69,NA,2,5,"2022","Olathe"
"X20SGH000239",NA,3.052631579,94.73684211,110,69,NA,5,20,"2022","Olathe"
"X20SGH001906",NA,0.85,65,110,69,NA,5,10,"2022","Olathe"
"X20SGH001259",NA,NA,NA,70,51,NA,NA,NA,"2022","Olathe"
"X20SGH001943",NA,2.45,90,115,69,NA,20,40,"2022","Olathe"
"X20SGH000847",NA,1,100,NA,57,NA,2,2,"2022","Olathe"
"X20SGH003703",NA,1.176470588,76.47058824,105,61,NA,10,30,"2022","Olathe"
"X20SGH000667",NA,0.823529412,64.70588235,105,59,NA,5,30,"2022","Olathe"
"X20SGH001382",NA,3,100,125,71,NA,40,50,"2022","Olathe"
"X20SGH002660",NA,1.611111111,72.22222222,120,69,NA,20,30,"2022","Olathe"
"X20SGH001727",NA,1.95,95,115,69,NA,2,5,"2022","Olathe"
"X20SGH002171",NA,0.666666667,33.33333333,85,61,NA,2,5,"2022","Olathe"
"X20SGH003551",NA,3,100,140,69,NA,20,5,"2022","Olathe"
"X20SGH003620",NA,1.7,90,120,69,NA,0,60,"2022","Olathe"
"X20SGH001101",NA,2.45,95,135,71,NA,70,5,"2022","Olathe"
"X20SGH001974",NA,2.1,95,140,69,NA,50,40,"2022","Olathe"
"X20SGH000031",NA,3.1,85,125,69,NA,30,10,"2022","Olathe"
"X20SGH001622",NA,0.944444444,44.44444444,75,65,NA,2,2,"2022","Olathe"
"X20SGH002013",NA,0.95,65,140,69,NA,40,20,"2022","Olathe"
"X20SGH000811",NA,3.25,90,100,69,NA,20,10,"2022","Olathe"
"X20SGH000057",NA,2.1,90,120,69,NA,10,20,"2022","Olathe"
"X20SGH000060",NA,NA,NA,NA,NA,NA,NA,NA,"2022","Olathe"
"X20SGH002563",NA,2.3,85,100,71,NA,10,50,"2022","Olathe"
"X20SGH001959",NA,3.65,100,115,71,NA,60,20,"2022","Olathe"
"X20SGH003178",NA,NA,NA,NA,NA,NA,NA,NA,"2022","Olathe"
"X20SGH001965",NA,0.888888889,77.77777778,115,65,NA,5,2,"2022","Olathe"
"X20SGH000860",NA,3.1,95,120,69,NA,20,10,"2022","Olathe"
"X20SGH001173",NA,2.45,90,100,69,NA,2,5,"2022","Olathe"
"X20SGH002190",NA,0.285714286,28.57142857,100,59,NA,2,10,"2022","Olathe"
"X20SGH003751",NA,0,0,65,39,NA,0,20,"2022","Olathe"
"X20SGH002537",NA,1.25,75,110,69,NA,30,60,"2022","Olathe"
"X20SGH003360",NA,NA,NA,NA,NA,NA,NA,NA,"2022","Olathe"
"X20SGH000267",NA,2.8,85,100,71,NA,0,5,"2022","Olathe"
"X20SGH002698",NA,3.2,100,135,71,NA,30,10,"2022","Olathe"
"X20SGH002304",NA,3.3,100,110,69,NA,5,10,"2022","Olathe"
"X20SGH001856",NA,2.3,85,110,69,NA,5,10,"2022","Olathe"
"X20SGH002180",NA,3.65,100,120,71,NA,20,5,"2022","Olathe"
"X20SGH002020",NA,2.8,100,120,71,NA,10,40,"2022","Olathe"
"X20SGH002461",NA,0.666666667,33.33333333,120,69,NA,20,40,"2022","Olathe"
"X20SGH002540",NA,3.1,100,115,71,NA,5,20,"2022","Olathe"
"X20SGH003501",NA,2.428571429,92.85714286,115,69,NA,30,10,"2022","Olathe"
"X20SGH002036",NA,4,100,120,69,NA,40,30,"2022","Olathe"
"X20SGH002571",NA,2.4,95,135,69,NA,5,10,"2022","Olathe"
"X20SGH000382",NA,1.5,58.33333333,90,71,NA,20,10,"2022","Olathe"
"X20SGH001707",NA,1.5,70,120,69,NA,20,2,"2022","Olathe"
"X20SGH000535",NA,2.75,90,135,69,NA,5,5,"2022","Olathe"
"X20SGH001774",NA,3.05,85,80,61,NA,5,10,"2022","Olathe"
"X20SGH000744",NA,3.5,100,120,69,NA,10,2,"2022","Olathe"
"X20SGH000780",NA,3.85,100,115,69,NA,5,10,"2022","Olathe"
"X20SGH002776",NA,NA,NA,NA,NA,NA,NA,NA,"2022","Olathe"
"X20SGH001831",NA,3.8,100,115,69,NA,10,5,"2022","Olathe"
"X20SGH000855",NA,2.75,90,135,69,NA,20,5,"2022","Olathe"
"X20SGH003829",NA,2.75,100,125,69,NA,10,0,"2022","Olathe"
"X20SGH003862",NA,2.35,100,140,69,NA,5,10,"2022","Olathe"
"X20SGH002791",NA,3,82.35294118,110,71,NA,20,20,"2022","Olathe"
"X20SGH002506",NA,2.294117647,76.47058824,130,69,NA,60,30,"2022","Olathe"
"X20SGH002941",NA,1.9,65,110,71,NA,30,10,"2022","Olathe"
"X20SGH002314",NA,1.85,85,120,71,NA,10,20,"2022","Olathe"
"X20SGH000349",NA,1.9,85,120,69,NA,30,20,"2022","Olathe"
"X20SGH001541",NA,0.611111111,38.88888889,100,61,NA,5,10,"2022","Olathe"
"X20SGH002701",NA,3,95,120,71,NA,5,30,"2022","Olathe"
"X20SGH001235",NA,3.35,100,115,69,NA,5,5,"2022","Olathe"
"X20SGH002548",NA,2,83.33333333,75,69,NA,30,5,"2022","Olathe"
"X20SGH003748",NA,3.727272727,100,110,71,NA,20,10,"2022","Olathe"
"X20SGH000972",NA,3.315789474,100,120,71,NA,10,2,"2022","Olathe"
"X20SGH002709",NA,0.538461538,38.46153846,105,69,NA,NA,2,"2022","Olathe"
"X20SGH003027",NA,NA,NA,NA,NA,NA,NA,NA,"2022","Olathe"
"X20SGH000839",NA,1.45,80,120,69,NA,10,5,"2022","Olathe"
"X20SGH002611",NA,2.15,85,120,71,NA,2,10,"2022","Olathe"
"X20SGH002662",NA,1.2,65,120,69,NA,10,2,"2022","Olathe"
"X20SGH000706",NA,1.85,80,125,71,NA,2,10,"2022","Olathe"
"X20SGH000088",NA,3.75,95,130,69,NA,20,10,"2022","Olathe"
"X20SGH003817",NA,NA,NA,NA,NA,NA,NA,NA,"2022","Olathe"
"X20SGH003738",NA,0.65,55,110,71,NA,30,20,"2022","Olathe"
"X20SGH003350",NA,0,0,120,59,NA,0,2,"2022","Olathe"
"X20SGH000351",NA,0,0,90,39,NA,2,2,"2022","Olathe"
"X20SGH002930",NA,0.45,40,140,69,NA,30,30,"2022","Olathe"
"X20SGH000828",NA,NA,NA,NA,NA,NA,NA,NA,"2022","Olathe"
"X20SGH001502",NA,2.25,100,115,71,NA,2,0,"2022","Olathe"
"X20SGH003231",NA,1.5,50,100,65,NA,0,5,"2022","Olathe"
"X20SGH000139",NA,1.5,62.5,125,65,NA,10,10,"2022","Olathe"
"X20SGH003158",NA,2.95,100,125,69,NA,5,10,"2022","Olathe"
"X20SGH000468",NA,1.7,75,120,71,NA,30,10,"2022","Olathe"
"X20SGH000663",NA,0.857142857,71.42857143,110,59,NA,40,30,"2022","Olathe"
"X20SGH002280",NA,1.5,75,130,69,NA,5,10,"2022","Olathe"
"X20SGH003014",NA,NA,NA,NA,NA,NA,NA,NA,"2022","Olathe"
"X20SGH000092",NA,1.769230769,69.23076923,110,69,NA,30,50,"2022","Olathe"
"X20SGH003396",NA,1.5,50,100,61,NA,10,5,"2022","Olathe"
"X20SGH000399",NA,2.2,90,120,69,NA,50,20,"2022","Olathe"
"X20SGH003473",NA,1.9,90,120,69,NA,30,10,"2022","Olathe"
"X20SGH000335",NA,2.65,85,125,69,NA,30,20,"2022","Olathe"
"X20SGH003053",NA,1.4,65,125,69,NA,5,20,"2022","Olathe"
"X20SGH000366",NA,3.25,100,135,71,NA,5,2,"2022","Olathe"
"X20SGH000170",NA,3.05,95,130,71,NA,40,20,"2022","Olathe"
"X20SGH002331",NA,2,90,130,71,NA,5,0,"2022","Olathe"
"X20SGH000067",NA,1.85,90,135,71,NA,2,2,"2022","Olathe"
"X20SGH001695",NA,2.15,100,120,71,NA,60,20,"2022","Olathe"
"X20SGH003304",NA,0.625,25,100,71,NA,20,20,"2022","Olathe"
"X20SGH000312",NA,0.4,40,80,59,NA,10,2,"2022","Olathe"
"X20SGH003118",NA,NA,NA,NA,NA,NA,NA,NA,"2022","Olathe"
"X20SGH000158",NA,2.1,95,130,69,NA,30,5,"2022","Olathe"
"X20SGH001798",NA,1.882352941,76.47058824,130,71,NA,20,10,"2022","Olathe"
"X20SGH003515",NA,0.2,20,100,57,NA,5,2,"2022","Olathe"
"X20SGH000552",NA,NA,NA,NA,NA,NA,NA,NA,"2022","Olathe"
"X20SGH000554",NA,1.266666667,66.66666667,110,69,NA,50,10,"2022","Olathe"
"X20SGH000207",NA,3.8,100,120,71,NA,30,30,"2022","Olathe"
"X20SGH000131",NA,2,100,100,65,NA,NA,NA,"2022","Olathe"
"X20SGH002197",NA,2.1,85,120,69,NA,5,2,"2022","Olathe"
"X20SGH003465",NA,NA,NA,NA,NA,NA,NA,NA,"2022","Olathe"
"X20SGH000651",NA,3.5,100,100,71,NA,10,30,"2022","Olathe"
"X20SGH003587",NA,0,0,85,59,NA,NA,NA,"2022","Olathe"
"X20SGH002251",NA,1.7,85,120,71,NA,2,2,"2022","Olathe"
"X20SGH001299",NA,1.55,85,105,69,NA,0,0,"2022","Olathe"
"X20SGH002861",NA,3,90,110,69,NA,10,0,"2022","Olathe"
"X20SGH003563",NA,1.5,66.66666667,110,69,NA,2,10,"2022","Olathe"
"X20SGH003051",NA,1.65,75,110,69,NA,10,10,"2022","Olathe"
"X20SGH000472",NA,2.2,80,125,69,NA,10,5,"2022","Olathe"
"X20SGH001741",NA,1.25,70,95,69,NA,2,0,"2022","Olathe"
"X20SGH000413",NA,2.615384615,92.30769231,90,69,NA,30,20,"2022","Olathe"
"X20SGH001538",NA,1.9,85,120,69,NA,20,10,"2022","Olathe"
"X20SGH000066",NA,2.75,85,115,71,NA,20,5,"2022","Olathe"
"X20SGH000225",NA,2.35,90,120,69,NA,30,10,"2022","Olathe"
"X20SGH002061",NA,3.2,95,130,71,NA,10,0,"2022","Olathe"
"X20SGH000227",NA,3.65,100,120,69,NA,20,10,"2022","Olathe"
"X20SGH000254",NA,2.3,100,120,71,NA,30,20,"2022","Olathe"
"X20SGH000271",NA,1.3,60,110,69,NA,20,30,"2022","Olathe"
"X20SGH002801",NA,1.85,80,125,69,NA,10,20,"2022","Olathe"
"X20SGH002187",NA,1.75,85,115,71,NA,5,2,"2022","Olathe"
"X20SGH002098",NA,2.2,95,140,69,NA,5,60,"2022","Olathe"
"X20SGH002910",NA,2.85,90,120,69,NA,5,20,"2022","Olathe"
"X20SGH000835",NA,3.1,95,110,69,NA,20,10,"2022","Olathe"
"X20SGH002954",NA,2.6,100,130,69,NA,30,20,"2022","Olathe"
"X20SGH003868",NA,1.666666667,66.66666667,120,69,NA,10,20,"2022","Olathe"
"X20SGH001087",NA,3.35,100,120,71,NA,30,10,"2022","Olathe"
"X20SGH001424",NA,1.4,90,125,69,NA,10,10,"2022","Olathe"
"X20SGH001434",NA,2.35,90,120,73,NA,5,5,"2022","Olathe"
"X20SGH000627",NA,2.65,100,110,71,NA,2,20,"2022","Olathe"
"X20SGH000214",NA,1.85,75,105,69,NA,2,10,"2022","Olathe"
"X20SGH001051",NA,2.35,95,135,71,NA,0,10,"2022","Olathe"
"X20SGH003247",NA,NA,NA,NA,NA,NA,NA,NA,"2022","Olathe"
"X20SGH000997",NA,0.166666667,16.66666667,100,57,NA,10,30,"2022","Olathe"
"X20SGH000462",NA,2.05,95,130,71,NA,20,10,"2022","Olathe"
"X20SGH002998",NA,NA,NA,NA,NA,NA,NA,NA,"2022","Olathe"
"X20SGH002194",NA,3.1,95,125,71,NA,10,10,"2022","Olathe"
"X20SGH000055",NA,2.05,85,140,71,NA,2,20,"2022","Olathe"
"X20SGH001245",NA,1.1,65,110,69,NA,5,5,"2022","Olathe"
"X20SGH003347",NA,NA,NA,NA,NA,NA,NA,NA,"2022","Olathe"
"X20SGH003902",NA,1.15,60,110,69,NA,10,2,"2022","Olathe"
"X20SGH002798",NA,NA,NA,NA,53,NA,NA,NA,"2022","Olathe"
"X20SGH003811",NA,1.05,65,100,69,NA,20,10,"2022","Olathe"
"X20SGH003054",NA,NA,NA,NA,NA,NA,NA,NA,"2022","Olathe"
"X20SGH001139",NA,2.05,85,125,69,NA,5,5,"2022","Olathe"
"X20SGH003769",NA,NA,NA,NA,69,NA,NA,NA,"2022","Olathe"
"X20SGH003410",NA,NA,NA,NA,53,NA,NA,NA,"2022","Olathe"
"X20SGH001789",NA,3.15,100,130,71,NA,30,10,"2022","Olathe"
"X20SGH000417",NA,2.8,100,120,71,NA,10,2,"2022","Olathe"
"X20SGH003098",NA,1.631578947,89.47368421,120,71,NA,5,10,"2022","Olathe"
"X20SGH002357",NA,2.5,85,130,69,NA,0,60,"2022","Olathe"
"X20SGH003412",NA,0,0,70,59,NA,2,2,"2022","Olathe"
"X20SGH002831",NA,1.111111111,44.44444444,90,69,NA,10,20,"2022","Olathe"
"X20SGH000892",NA,2.789473684,94.73684211,125,69,NA,50,20,"2022","Olathe"
"X20SGH000460",NA,1.85,80,110,69,NA,10,20,"2022","Olathe"
"X20SGH000935",NA,3.2,100,120,69,NA,10,2,"2022","Olathe"
"X20SGH003062",NA,2.25,95,140,69,NA,10,5,"2022","Olathe"
"X20SGH001731",NA,1.5,75,120,69,NA,5,20,"2022","Olathe"
"X20SGH000197",NA,0.8,45,100,65,NA,10,40,"2022","Olathe"
"X20SGH002931",NA,0,0,90,59,NA,0,2,"2022","Olathe"
"X20SGH003159",NA,NA,NA,NA,NA,NA,NA,NA,"2022","Olathe"
"X20SGH003124",NA,0.875,25,105,69,NA,5,40,"2022","Olathe"
"X20SGH003219",NA,0.5,50,85,61,NA,2,60,"2022","Olathe"
"X20SGH000479",NA,1.45,80,125,69,NA,2,10,"2022","Olathe"
"X20SGH002402",NA,2.8,100,120,71,NA,30,20,"2022","Olathe"
"X20SGH001192",NA,2.8,100,135,71,NA,10,5,"2022","Olathe"
"X20SGH003638",NA,3.7,95,135,69,NA,50,10,"2022","Olathe"
"X20SGH001388",NA,3.45,95,135,71,NA,5,5,"2022","Olathe"
"X20SGH000582",NA,1.214285714,42.85714286,100,71,NA,5,10,"2022","Olathe"
"X20SGH002893",NA,4,100,140,71,NA,10,5,"2022","Olathe"
"X20SGH002754",NA,2.95,95,130,71,NA,20,30,"2022","Olathe"
"X20SGH000388",NA,2,66.66666667,120,73,NA,2,5,"2022","Olathe"
"X20SGH001357",NA,NA,NA,NA,39,NA,0,2,"2022","Olathe"
"X20SGH002394",NA,1.5,60,90,65,NA,10,10,"2022","Olathe"
"X20SGH001491",NA,1.777777778,83.33333333,100,71,NA,5,5,"2022","Olathe"
"X20SGH002295",NA,3.65,100,130,73,NA,10,2,"2022","Olathe"
"X20SGH001120",NA,2.65,100,130,71,NA,5,0,"2022","Olathe"
"X20SGH003536",NA,2.7,100,140,71,NA,10,0,"2022","Olathe"
"X20SGH003461",NA,3.75,100,135,73,NA,20,5,"2022","Olathe"
"X20SGH001439",NA,3,95,130,71,NA,30,2,"2022","Olathe"
"X20SGH001971",NA,3.75,100,130,69,NA,60,5,"2022","Olathe"
"X20SGH000496",NA,1.444444444,88.88888889,100,69,NA,5,2,"2022","Olathe"
"X20SGH003310",NA,NA,NA,NA,NA,NA,NA,NA,"2022","Olathe"
"X20SGH002620",NA,4,100,90,65,NA,NA,NA,"2022","Olathe"
"X20SGH002989",NA,4,100,110,69,NA,2,5,"2022","Olathe"
"X20SGH001059",NA,2.85,100,130,69,NA,10,2,"2022","Olathe"
"X20SGH003920",NA,2.45,95,115,69,NA,10,5,"2022","Olathe"
"X20SGH000586",NA,2.6,95,120,71,NA,2,5,"2022","Olathe"
"X20SGH001440",NA,NA,NA,55,NA,NA,NA,NA,"2022","Olathe"
"X20SGH003280",NA,0,0,65,39,NA,0,2,"2022","Olathe"
"X20SGH002419",NA,3.15,100,120,69,NA,30,10,"2022","Olathe"
"X20SGH002334",NA,NA,NA,NA,NA,NA,NA,NA,"2022","Olathe"
"X20SGH002238",NA,3.05,100,120,71,NA,10,5,"2022","Olathe"
"X20SGH002156",NA,1.538461538,76.92307692,110,71,NA,30,2,"2022","Olathe"
"X20SGH003851",NA,2.85,100,135,71,NA,20,10,"2022","Olathe"
"X20SGH000790",NA,2.4,100,120,71,NA,10,30,"2022","Olathe"
"X20SGH002338",NA,1.5625,75,130,69,NA,10,20,"2022","Olathe"
"X20SGH000033",NA,3.5,100,125,69,NA,50,30,"2022","Olathe"
"X20SGH002149",NA,2.3,100,120,69,NA,20,10,"2022","Olathe"
"X20SGH000614",NA,1.722222222,77.77777778,110,71,NA,2,60,"2022","Olathe"
"X20SGH003432",NA,NA,NA,NA,NA,NA,NA,NA,"2022","Olathe"
"X20SGH000519",NA,2.55,100,120,71,NA,30,30,"2022","Olathe"
"X20SGH003696",NA,0,0,85,45,NA,2,0,"2022","Olathe"
"X20SGH000500",NA,NA,NA,70,57,NA,2,0,"2022","Olathe"
"X20SGH003453",NA,2.5,100,110,69,NA,20,20,"2022","Olathe"
"X20SGH002137",NA,3.5,100,140,73,NA,5,0,"2022","Olathe"
"X20SGH001270",NA,3.55,100,125,73,NA,20,2,"2022","Olathe"
"X20SGH001699",NA,1.45,80,135,71,NA,10,10,"2022","Olathe"
"X20SGH001666",NA,3.65,100,130,71,NA,30,20,"2022","Olathe"
"X20SGH001392",NA,2,100,100,69,NA,5,5,"2022","Olathe"
"X20SGH001477",NA,3,100,NA,69,NA,20,0,"2022","Olathe"
"X20SGH002856",NA,2,85,120,69,NA,10,10,"2022","Olathe"
"X20SGH001395",NA,1.85,90,130,71,NA,20,10,"2022","Olathe"
"X20SGH001420",NA,1.8,85,125,65,NA,10,20,"2022","Olathe"
"X20SGH003820",NA,1.15,70,105,69,NA,2,2,"2022","Olathe"
"X20SGH001320",NA,2.6,100,120,71,NA,20,10,"2022","Olathe"
"X20SGH000837",NA,NA,NA,NA,NA,NA,NA,NA,"2022","Olathe"
"X20SGH001360",NA,3,100,40,55,NA,5,5,"2022","Olathe"
"X20SGH003091",NA,NA,NA,NA,NA,NA,NA,NA,"2022","Olathe"
"X20SGH002227",NA,1.55,90,120,69,NA,10,30,"2022","Olathe"
"X20SGH000755",NA,2.2,80,110,65,NA,5,40,"2022","Olathe"
"X20SGH001504",NA,2,100,70,69,NA,0,0,"2022","Olathe"
"X20SGH000710",NA,2.5,100,130,61,NA,20,2,"2022","Olathe"
"X20SGH003169",NA,2.65,100,105,71,NA,5,30,"2022","Olathe"
"X20SGH003854",NA,2.8,100,130,69,NA,30,10,"2022","Olathe"
"X20SGH003369",NA,NA,NA,NA,NA,NA,NA,NA,"2022","Olathe"
"X20SGH002044",NA,3.35,100,120,69,NA,5,5,"2022","Olathe"
"X20SGH003506",NA,0.222222222,22.22222222,130,69,NA,2,2,"2022","Olathe"
"X20SGH002529",NA,3,100,60,69,NA,2,10,"2022","Olathe"
"X20SGH000932",NA,1.7,95,95,59,NA,10,2,"2022","Olathe"
"X20SGH001610",NA,4,100,115,61,NA,0,30,"2022","Olathe"
"X20SGH000454",NA,3.4,100,110,73,NA,2,2,"2022","Olathe"
"X20SGH000896",NA,NA,NA,NA,NA,NA,NA,NA,"2022","Olathe"
"X20SGH001857",NA,1.2,40,90,61,NA,0,10,"2022","Olathe"
"X20SGH000166",NA,2.133333333,93.33333333,80,69,NA,5,2,"2022","Olathe"
"X20SGH003830",NA,3.666666667,100,110,69,NA,0,5,"2022","Olathe"
"X20SGH000119",NA,3.117647059,94.11764706,80,69,NA,0,50,"2022","Olathe"
"X20SGH003225",NA,3.133333333,100,105,65,NA,5,2,"2022","Olathe"
"X20SGH002854",NA,4.333333333,100,85,71,NA,0,10,"2022","Olathe"
"X20SGH003276",NA,NA,NA,NA,NA,NA,NA,NA,"2022","Olathe"
