"","Name","Chromosome","Position"
"1","FHB1_start","J03","50676750"
"3717","SJ03_50738539","J03","50738539"
"3718","SJ03_50836273","J03","50836273"
"3719","SJ03_50836287","J03","50836287"
"3720","SJ03_50936698","J03","50936698"
"3721","SJ03_50936707","J03","50936707"
"3722","SJ03_50936721","J03","50936721"
"3723","SJ03_50936738","J03","50936738"
"3724","SJ03_51078387","J03","51078387"
"3725","SJ03_51078405","J03","51078405"
"3726","SJ03_51078422","J03","51078422"
"3727","SJ03_51106561","J03","51106561"
"11","FHB1_end","J03","51198852"
"12","FHB1_start","V03","18027299"
"25812","SV03_18100076","V03","18100076"
"25813","SV03_18100112","V03","18100112"
"25814","SV03_18100154","V03","18100154"
"25815","SV03_18100160","V03","18100160"
"25816","SV03_18232019","V03","18232019"
"13","FHB1_end","V03","18318355"
"14","FHB1_start","S03","43496709"
"15024","SS03_43638305","S03","43638305"
"15025","SS03_43887440","S03","43887440"
"15026","SS03_43887470","S03","43887470"
"15","FHB1_end","S03","43892886"
