"SNP","Chr","Pos","ID"
"SJ01_320309248","J01",320309248,"FHBDON_C07_SAL_2018"
"SJ02_140707817","J02",140707817,"FHBDON_C07_SAL_2018"
"SJ03_533092483","J03",533092483,"FHBDON_C07_SAL_2018"
"SS02_476215400","S02",476215400,"FHBDON_C07_SAL_2018"
"SS05_332031903","S05",332031903,"FHBDON_C07_SAL_2018"
"SS06_83112789","S06",83112789,"FHBDON_C07_SAL_2018"
"SV03_478717202","V03",478717202,"FHBDON_C07_SAL_2018"
"SV07_664789157","V07",664789157,"FHBDON_C07_SAL_2018"
"SJ05_43784785","J05",43784785,"FHBD3G.DON_C07_SAL_2018"
"SS04_70589221","S04",70589221,"FHBD3G.DON_C07_SAL_2018"
"SV02_394911464","V02",394911464,"FHBD3G.DON_C07_SAL_2018"
"SV02_590255485","V02",590255485,"FHBD3G.DON_C07_SAL_2018"
"SJ07_60561704","J07",60561704,"PTHT_C07_SAL_2018"
"SS07_129127730","S07",129127730,"PTHT_C07_SAL_2018"
"SV04_405883624","V04",405883624,"PTHT_C07_SAL_2018"
"SJ02_680787718","J02",680787718,"STMANG_C07_SAL_2018"
"SJ04_4086382","J04",4086382,"STMANG_C07_SAL_2018"
"SJ02_627219003","J02",627219003,"HDANG_C07_SAL_2018"
"SJ05_468911509","J05",468911509,"HDANG_C07_SAL_2018"
"SJ06_546958441","J06",546958441,"HDANG_C07_SAL_2018"
"SJ06_547551925","J06",547551925,"HDANG_C07_SAL_2018"
"SS04_75793122","S04",75793122,"HDANG_C07_SAL_2018"
"SS07_384868013","S07",384868013,"HDANG_C07_SAL_2018"
"SJ07_110440439","J07",110440439,"SPKYLD_C07_SAL_2018"
"SJ07_441485323","J07",441485323,"SPKYLD_C07_SAL_2018"
"SS01_69927979","S01",69927979,"SPKYLD_C07_SAL_2018"
"SS06_24099466","S06",24099466,"SPKYLD_C07_SAL_2018"
"SS07_133393354","S07",133393354,"SPKYLD_C07_SAL_2018"
"SV01_206124266","V01",206124266,"SPKYLD_C07_SAL_2018"
"SV06_102610885","V06",102610885,"SPKYLD_C07_SAL_2018"
"SJ01_10162383","J01",10162383,"SPKDEN_C07_SAL_2018"
"SJ01_400972679","J01",400972679,"SPKDEN_C07_SAL_2018"
"SJ03_118524570","J03",118524570,"SPKDEN_C07_SAL_2018"
"SJ03_598048237","J03",598048237,"SPKDEN_C07_SAL_2018"
"SS04_329197898","S04",329197898,"SPKDEN_C07_SAL_2018"
"SS07_134934580","S07",134934580,"SPKDEN_C07_SAL_2018"
"SV01_7732815","V01",7732815,"SPKDEN_C07_SAL_2018"
"SV02_172479310","V02",172479310,"SPKDEN_C07_SAL_2018"
"SV04_80560865","V04",80560865,"SPKDEN_C07_SAL_2018"
"SJ02_80542653","J02",80542653,"FHBDON_C07_SAL_2019"
"SJ03_626554531","J03",626554531,"FHBDON_C07_SAL_2019"
"SS05_89380677","S05",89380677,"FHBDON_C07_SAL_2019"
"SV05_543093563","V05",543093563,"FHBDON_C07_SAL_2019"
"SV05_543093563","V05",543093563,"FHBD3G_C07_SAL_2019"
"SJ01_158429406","J01",158429406,"FHBD3G.DON_C07_SAL_2019"
"SJ04_94758098","J04",94758098,"FHBD3G.DON_C07_SAL_2019"
"SS01_243368005","S01",243368005,"FHBD3G.DON_C07_SAL_2019"
"SS01_322704032","S01",322704032,"FHBD3G.DON_C07_SAL_2019"
"SS02_358044988","S02",358044988,"FHBD3G.DON_C07_SAL_2019"
"SS05_39707358","S05",39707358,"FHBD3G.DON_C07_SAL_2019"
"SS07_397077923","S07",397077923,"FHBD3G.DON_C07_SAL_2019"
"SV05_560816755","V05",560816755,"FHBD3G.DON_C07_SAL_2019"
"SJ02_170760275","J02",170760275,"ZDK_C07_SAL_2019"
"SJ03_614622642","J03",614622642,"ZDK_C07_SAL_2019"
"SS02_100855672","S02",100855672,"ZDK_C07_SAL_2019"
"SS02_393839387","S02",393839387,"ZDK_C07_SAL_2019"
"SS03_140782902","S03",140782902,"ZDK_C07_SAL_2019"
"SS07_437775861","S07",437775861,"ZDK_C07_SAL_2019"
"SV01_448933298","V01",448933298,"ZDK_C07_SAL_2019"
"SS07_402885068","S07",402885068,"GLBLSEV_C07_SAL_2019"
"SJ02_629468571","J02",629468571,"HSATIVLSEV_C07_SAL_2019"
"SJ04_42387257","J04",42387257,"HSATIVLSEV_C07_SAL_2019"
"SS03_71788959","S03",71788959,"HSATIVLSEV_C07_SAL_2019"
"SS05_62913669","S05",62913669,"HSATIVLSEV_C07_SAL_2019"
"SS07_308051477","S07",308051477,"HSATIVLSEV_C07_SAL_2019"
"SJ01_222837735","J01",222837735,"HDANG_C07_SAL_2019"
"SJ02_161464914","J02",161464914,"HDANG_C07_SAL_2019"
"SJ07_558194717","J07",558194717,"HDANG_C07_SAL_2019"
"SS01_223162383","S01",223162383,"HDANG_C07_SAL_2019"
"SS01_288544736","S01",288544736,"HDANG_C07_SAL_2019"
"SS02_103469367","S02",103469367,"HDANG_C07_SAL_2019"
"SJ02_535136401","J02",535136401,"FHBDON_C07_SAL_2020"
"SJ03_23619855","J03",23619855,"FHBDON_C07_SAL_2020"
"SJ03_111371772","J03",111371772,"FHBDON_C07_SAL_2020"
"SJ07_537457347","J07",537457347,"FHBDON_C07_SAL_2020"
"SS01_289224236","S01",289224236,"FHBDON_C07_SAL_2020"
"SS02_105621999","S02",105621999,"FHBDON_C07_SAL_2020"
"SS05_151631442","S05",151631442,"FHBDON_C07_SAL_2020"
"SS06_83112789","S06",83112789,"FHBDON_C07_SAL_2020"
"SS06_329485557","S06",329485557,"FHBDON_C07_SAL_2020"
"SV07_202019831","V07",202019831,"FHBDON_C07_SAL_2020"
"SJ01_54110313","J01",54110313,"STMANG_C07_SAL_2020"
"SJ07_38100803","J07",38100803,"STMANG_C07_SAL_2020"
"SS02_443036385","S02",443036385,"STMANG_C07_SAL_2020"
"SS06_325276373","S06",325276373,"STMANG_C07_SAL_2020"
"SV03_334163944","V03",334163944,"STMANG_C07_SAL_2020"
"SJ03_84673435","J03",84673435,"HSATIVLSEV_C07_SAL_2020"
"SJ04_507780718","J04",507780718,"HSATIVLSEV_C07_SAL_2020"
"SJ05_478511163","J05",478511163,"HSATIVLSEV_C07_SAL_2020"
"SJ06_541253677","J06",541253677,"HSATIVLSEV_C07_SAL_2020"
"SV04_397784395","V04",397784395,"HSATIVLSEV_C07_SAL_2020"
"SV07_222819554","V07",222819554,"HSATIVLSEV_C07_SAL_2020"
"SJ01_438678296","J01",438678296,"ERGSEV_C07_SAL_2020"
"SJ03_35771049","J03",35771049,"ERGSEV_C07_SAL_2020"
"SJ06_341989312","J06",341989312,"ERGSEV_C07_SAL_2020"
"SJ07_5992523","J07",5992523,"ERGSEV_C07_SAL_2020"
"SJ07_667035453","J07",667035453,"ERGSEV_C07_SAL_2020"
"SS02_337893034","S02",337893034,"ERGSEV_C07_SAL_2020"
"SS06_146499812","S06",146499812,"ERGSEV_C07_SAL_2020"
"SS07_414474582","S07",414474582,"ERGSEV_C07_SAL_2020"
"SS07_414489769","S07",414489769,"ERGSEV_C07_SAL_2020"
"SS07_416230590","S07",416230590,"ERGSEV_C07_SAL_2020"
"SS07_428669333","S07",428669333,"ERGSEV_C07_SAL_2020"
"SV01_25473197","V01",25473197,"ERGSEV_C07_SAL_2020"
"SV01_37474372","V01",37474372,"ERGSEV_C07_SAL_2020"
"SV03_294791114","V03",294791114,"ERGSEV_C07_SAL_2020"
"SV03_403974348","V03",403974348,"ERGSEV_C07_SAL_2020"
"SV06_66877427","V06",66877427,"ERGSEV_C07_SAL_2020"
"SJ01_535344826","J01",535344826,"SPKHD_C07_SAL_2020"
"SJ04_443970274","J04",443970274,"SPKHD_C07_SAL_2020"
"SJ06_182383764","J06",182383764,"SPKHD_C07_SAL_2020"
"SJ06_233909510","J06",233909510,"SPKHD_C07_SAL_2020"
"SS02_60814509","S02",60814509,"SPKHD_C07_SAL_2020"
"SS07_431676369","S07",431676369,"SPKHD_C07_SAL_2020"
"SV03_342354337","V03",342354337,"SPKHD_C07_SAL_2020"
"SJ05_317782015","J05",317782015,"HDANG_C07_SAL_2020"
"SJ02_530678956","J02",530678956,"FHBDON_C10_SAL_2021"
"SJ02_594684575","J02",594684575,"FHBDON_C10_SAL_2021"
"SJ07_16833484","J07",16833484,"FHBDON_C10_SAL_2021"
"SJ07_421470788","J07",421470788,"FHBDON_C10_SAL_2021"
"SJ07_491374653","J07",491374653,"FHBDON_C10_SAL_2021"
"SJ07_495046207","J07",495046207,"FHBDON_C10_SAL_2021"
"SS07_301996644","S07",301996644,"FHBDON_C10_SAL_2021"
"SV02_452759354","V02",452759354,"FHBDON_C10_SAL_2021"
"SV03_26394652","V03",26394652,"FHBDON_C10_SAL_2021"
"SV03_49596960","V03",49596960,"FHBDON_C10_SAL_2021"
"SV07_505205092","V07",505205092,"FHBDON_C10_SAL_2021"
"SJ07_538240241","J07",538240241,"PTHT_C10_SAL_2021"
"SS02_167194150","S02",167194150,"PTHT_C10_SAL_2021"
"SS06_243762540","S06",243762540,"PTHT_C10_SAL_2021"
"SV01_442280490","V01",442280490,"ZDK_C10_SAL_2021"
"SJ03_53540326","J03",53540326,"GLBLSEV_C10_SAL_2021"
"SJ03_74519901","J03",74519901,"GLBLSEV_C10_SAL_2021"
"SJ03_86552629","J03",86552629,"GLBLSEV_C10_SAL_2021"
"SJ05_132350274","J05",132350274,"GLBLSEV_C10_SAL_2021"
"SJ05_136045713","J05",136045713,"GLBLSEV_C10_SAL_2021"
"SJ05_372257862","J05",372257862,"GLBLSEV_C10_SAL_2021"
"SJ07_137924226","J07",137924226,"GLBLSEV_C10_SAL_2021"
"SS03_373045769","S03",373045769,"GLBLSEV_C10_SAL_2021"
"SS05_310863315","S05",310863315,"GLBLSEV_C10_SAL_2021"
"SS06_272394531","S06",272394531,"GLBLSEV_C10_SAL_2021"
"SS06_273159799","S06",273159799,"GLBLSEV_C10_SAL_2021"
"SS06_273449073","S06",273449073,"GLBLSEV_C10_SAL_2021"
"SS07_352707146","S07",352707146,"GLBLSEV_C10_SAL_2021"
"SV01_171715235","V01",171715235,"GLBLSEV_C10_SAL_2021"
"SV04_112867423","V04",112867423,"GLBLSEV_C10_SAL_2021"
"SV07_13367865","V07",13367865,"GLBLSEV_C10_SAL_2021"
"SV07_30709054","V07",30709054,"GLBLSEV_C10_SAL_2021"
"SJ05_552460009","J05",552460009,"FHBZEA_C10_SAL_2022"
"SS03_165935726","S03",165935726,"FHBZEA_C10_SAL_2022"
"SS03_316869342","S03",316869342,"FHBZEA_C10_SAL_2022"
"SS03_316869348","S03",316869348,"FHBZEA_C10_SAL_2022"
"SS03_343702896","S03",343702896,"FHBZEA_C10_SAL_2022"
"SS07_61086311","S07",61086311,"FHBZEA_C10_SAL_2022"
"SS07_65302073","S07",65302073,"FHBZEA_C10_SAL_2022"
"SS07_65547475","S07",65547475,"FHBZEA_C10_SAL_2022"
"SS07_67144799","S07",67144799,"FHBZEA_C10_SAL_2022"
"SV03_110712558","V03",110712558,"FHBZEA_C10_SAL_2022"
"SV05_45545812","V05",45545812,"FHBZEA_C10_SAL_2022"
"SJ02_517769933","J02",517769933,"FHBDON_C10_SAL_2022"
"SJ05_552460009","J05",552460009,"FHBDON_C10_SAL_2022"
"SJ07_421470788","J07",421470788,"FHBDON_C10_SAL_2022"
"SJ07_603983512","J07",603983512,"FHBDON_C10_SAL_2022"
"SS02_486726932","S02",486726932,"FHBDON_C10_SAL_2022"
"SS07_301996644","S07",301996644,"FHBDON_C10_SAL_2022"
"SV02_452036252","V02",452036252,"FHBDON_C10_SAL_2022"
"SV05_550625854","V05",550625854,"FHBDON_C10_SAL_2022"
"SV05_564391501","V05",564391501,"FHBDON_C10_SAL_2022"
"SV05_570894065","V05",570894065,"FHBDON_C10_SAL_2022"
"SV05_574080626","V05",574080626,"FHBDON_C10_SAL_2022"
"SS05_501885161","S05",501885161,"ZDK_C10_SAL_2022"
"SV01_8751581","V01",8751581,"ZDK_C10_SAL_2022"
"SV02_80918909","V02",80918909,"ZDK_C10_SAL_2022"
"SJ07_676779696","J07",676779696,"BLSSEV_C10_SAL_2022"
"SS01_373032805","S01",373032805,"BLSSEV_C10_SAL_2022"
"SS03_457292509","S03",457292509,"BLSSEV_C10_SAL_2022"
"SS07_67144799","S07",67144799,"BLSSEV_C10_SAL_2022"
"SV07_77346874","V07",77346874,"BLSSEV_C10_SAL_2022"
"SJ03_497263053","J03",497263053,"HSATIVLSEV_C10_SAL_2022"
"SJ04_511030438","J04",511030438,"HSATIVLSEV_C10_SAL_2022"
"SS03_24005972","S03",24005972,"HSATIVLSEV_C10_SAL_2022"
"SS04_79130992","S04",79130992,"HSATIVLSEV_C10_SAL_2022"
"SS05_134093949","S05",134093949,"HSATIVLSEV_C10_SAL_2022"
"SS07_39851932","S07",39851932,"HSATIVLSEV_C10_SAL_2022"
"SV05_523243129","V05",523243129,"HSATIVLSEV_C10_SAL_2022"
"SV06_385396770","V06",385396770,"HSATIVLSEV_C10_SAL_2022"
"SV07_722317269","V07",722317269,"HSATIVLSEV_C10_SAL_2022"
"SJ04_470381305","J04",470381305,"FHBDON_C10_OLA_2021"
"SJ06_190433484","J06",190433484,"FHBDON_C10_OLA_2021"
"SS01_260252102","S01",260252102,"FHBDON_C10_OLA_2021"
"SS06_262784533","S06",262784533,"FHBDON_C10_OLA_2021"
"SV01_70280031","V01",70280031,"FHBDON_C10_OLA_2021"
"SV03_434778697","V03",434778697,"FHBDON_C10_OLA_2021"
"SJ03_302994249","J03",302994249,"FHBSPKINC_C10_OLA_2021"
"SJ03_315074803","J03",315074803,"FHBSPKINC_C10_OLA_2021"
"SJ04_448435444","J04",448435444,"FHBSPKINC_C10_OLA_2021"
"SS02_161844379","S02",161844379,"FHBSPKINC_C10_OLA_2021"
"SV02_452036252","V02",452036252,"FHBSPKINC_C10_OLA_2021"
"SJ02_550994220","J02",550994220,"FHBZEA_C10_OLA_2022"
"SS03_451590681","S03",451590681,"FHBZEA_C10_OLA_2022"
"SS04_336690977","S04",336690977,"FHBZEA_C10_OLA_2022"
"SS06_32856422","S06",32856422,"FHBZEA_C10_OLA_2022"
"SV06_429405425","V06",429405425,"FHBZEA_C10_OLA_2022"
"SJ02_537945840","J02",537945840,"FHBDON_C10_OLA_2022"
"SS01_333518696","S01",333518696,"FHBDON_C10_OLA_2022"
"SS01_338632504","S01",338632504,"FHBDON_C10_OLA_2022"
"SS03_383088528","S03",383088528,"FHBDON_C10_OLA_2022"
"SS03_447957443","S03",447957443,"FHBDON_C10_OLA_2022"
"SV03_259924662","V03",259924662,"FHBDON_C10_OLA_2022"
"SJ07_668224534","J07",668224534,"FHBSPKINC_C10_OLA_2022"
"SV02_548956709","V02",548956709,"FHBSPKINC_C10_OLA_2022"
"SV06_12880934","V06",12880934,"FHBSPKINC_C10_OLA_2022"
"SV06_433049091","V06",433049091,"FHBSPKINC_C10_OLA_2022"
"SS01_260252102","S01",260252102,"PTHT_C10_OLA_2022"
"SV01_24192893","V01",24192893,"PTHT_C10_OLA_2022"
"SV01_530680062","V01",530680062,"PTHT_C10_OLA_2022"
"SV06_388713790","V06",388713790,"PTHT_C10_OLA_2022"
"SJ03_611922552","J03",611922552,"ZDK_C10_OLA_2022"
"SJ05_103986355","J05",103986355,"ZDK_C10_OLA_2022"
"SV01_501741056","V01",501741056,"ZDK_C10_OLA_2022"
"SJ05_389593959","J05",389593959,"BLSSEV_C10_OLA_2022"
"SS04_283559355","S04",283559355,"BLSSEV_C10_OLA_2022"
"SV06_142550878","V06",142550878,"BLSSEV_C10_OLA_2022"
"SJ05_303741566","J05",303741566,"HSATIVLSEV_C10_OLA_2022"
"SS05_120261602","S05",120261602,"HSATIVLSEV_C10_OLA_2022"
