"","trait","SNP","Chr","Pos","P.value","MAF","nobs","Effect","H.B.P.Value","threshold","LPos","HPos","Phytozome","T.inter_Genes","T.inter_Description","NCBI_Description","NCBI_Species","Query","Per.Ident"
"55","2018_FHBDON","SS03_43638305","S03",43638305,0.0119626313702337,0.187830687830688,378,0.128932451170575,1,"0.10_2018",43638205,43638405,"S03 : 43638205 .. 43638405","No IWG transcript"," ","Triticum aestivum chromosome 3B-specific BAC library","T.aestivum","88","91.01"
"56","2018_FHBDON","SS03_43887440","S03",43887440,0.0136995785311311,0.189153439153439,378,0.121681679133574,1,"0.10_2018",43887340,43887540,"S03 : 43887340 .. 43887540","Thint.S03G047000 (PAC:55872180)","SGNH hydrolase, GDSL lipase/esterase; hydrolase activity, acting on ester bonds","Sumai 3 Fhb1 region","T.aestivum","90","95"
"33","2019_FHBD3G","SV03_18100154","V03",18100154,0.00725151278211652,0.254716981132076,424,-0.139348163551935,0.780316310013861,"0.10_2019",18100054,18100254,"V03 : 18100054 .. 18100254","No IWG transcript"," ","Triticum aestivum chromosome arm 3DS-specific BAC library","T.aestivum","100","85.57"
"57","2019_FHBDISIND","SS03_43887470","S03",43887470,0.0300806946398795,0.434834123222749,422,0.130043864358039,0.96303000320349,"0.10_2019",43887370,43887570,"S03 : 43887370 .. 43887570","Thint.S03G047000 (PAC:55872180)","SGNH hydrolase, Alpha-L-fucoside fucohydrolase, GDSL lipase/esterase; hydrolase activity, acting on ester bonds","Sumai 3 Fhb1 region","T.aestivum","74","95.97"
"571","2021O_FHBSPKINC","SS03_43887470","S03",43887470,0.0296430700008297,0.428030303030303,264,1.47420513707033,1,"0.10_O_2021",43887370,43887570,"S03 : 43887370 .. 43887570","Thint.S03G047000 (PAC:55872180)","SGNH hydrolase, Alpha-L-fucoside fucohydrolase, GDSL lipase/esterase; hydrolase activity, acting on ester bonds","Sumai 3 Fhb1 region","T.aestivum","74","95.97"
"49","2022O_FHBDISIND","SJ03_51106561","J03",51106561,0.000904037796688983,0.176375404530744,309,-0.43604515631908,0.640713826370885,"0.10_O_2022",51106461,51106661,"J03 : 51106461 .. 51106661","Thint.J03G037000 (PAC:55768806)","SGNH hydrolase, Alpha-L-fucoside fucohydrolase, GDSL lipase/esterase; hydrolase activity, acting on ester bonds","Sumai 3 Fhb1 region","T.aestivum","100","92.17"
"551","2018_FHBDON","SS03_43638305","S03",43638305,0.0119626313702337,0.187830687830688,378,0.128932451170575,1,"0.05_2018",43638205,43638405,"S03 : 43638205 .. 43638405","No IWG transcript"," ","Triticum aestivum chromosome 3B-specific BAC library","T.aestivum","88","91.01"
"561","2018_FHBDON","SS03_43887440","S03",43887440,0.0136995785311311,0.189153439153439,378,0.121681679133574,1,"0.05_2018",43887340,43887540,"S03 : 43887340 .. 43887540","Thint.S03G047000 (PAC:55872180)","SGNH hydrolase, GDSL lipase/esterase; hydrolase activity, acting on ester bonds","Sumai 3 Fhb1 region","T.aestivum","90","95"
"331","2019_FHBD3G","SV03_18100154","V03",18100154,0.00725151278211652,0.254716981132076,424,-0.139348163551935,0.780316310013861,"0.05_2019",18100054,18100254,"V03 : 18100054 .. 18100254","No IWG transcript"," ","Triticum aestivum chromosome arm 3DS-specific BAC library","T.aestivum","100","85.57"
"491","2022O_FHBDISIND","SJ03_51106561","J03",51106561,0.000904037796688983,0.176375404530744,309,-0.43604515631908,0.640713826370885,"0.05_O_2022",51106461,51106661,"J03 : 51106461 .. 51106661","Thint.J03G037000 (PAC:55768806)","SGNH hydrolase, Alpha-L-fucoside fucohydrolase, GDSL lipase/esterase; hydrolase activity, acting on ester bonds","Sumai 3 Fhb1 region","T.aestivum","100","92.17"
"492","2022O_FHBDISIND","SJ03_51106561","J03",51106561,0.000904037796688983,0.176375404530744,309,-0.43604515631908,0.640713826370885,"0.01_O_2022",51106461,51106661,"J03 : 51106461 .. 51106661","Thint.J03G037000 (PAC:55768806)","SGNH hydrolase, Alpha-L-fucoside fucohydrolase, GDSL lipase/esterase; hydrolase activity, acting on ester bonds","Sumai 3 Fhb1 region","T.aestivum","100","92.17"
