"","SNP","Chr","Pos","alleles","Ref","ALT","MinorAllele","trait","plot","P.value","MAF","nobs","Effect","H.B.P.Value","PVE","GG","AG","AA","CG","CC","TT","GT","CT","AT","AC","genotypic_frequency.CT","genotypic_frequency.CC","genotypic_frequency.TT","genotypic_frequency.AT","genotypic_frequency.AA","genotypic_frequency.AG","genotypic_frequency.GG","genotypic_frequency.CG","genotypic_frequency.AC","genotypic_frequency.GT","allelic_frequency.A","allelic_frequency.T","allelic_frequency.G","allelic_frequency.C","PhentypicMeanMinorHomozygous","PhentypicMeanHeterozygous","PhentypicMeanMajorHomozygous"
"1","SJ01_10162383","J01",10162383,"C/G","C","G","G","SPKDEN","C07_SAL_2018",7.65634764747262e-09,0.241050119331742,419,-0.026840834711142,6.13790250028761e-05,4.21413993759993,50,0,0,107,272,0,0,0,0,0,0,0.634032634032634,0,0,0,0,0.116550116550117,0.249417249417249,0,0,0,0,0.241258741258741,0.758741258741259,0.733400680416667,0.709773969716981,0.685080642490566
"2","SJ01_400972679","J01",400972679,"G/A","A","G","A","SPKDEN","C07_SAL_2018",4.35929953200695e-08,0.00119331742243434,419,-0.320360376490044,0.000279579316185734,8.03052464350564,428,1,0,0,0,0,0,0,0,0,0,0,0,0,0,0.00233100233100233,0.997668997668998,0,0,0,0.00116550116550117,0,0.998834498834499,0,NA,1.09149278,0.695919021363636
"3","SJ03_118524570","J03",118524570,"G/T","G","T","T","SPKDEN","C07_SAL_2018",5.05733743799555e-09,0.285202863961814,419,0.0293283487283489,5.48810263491918e-05,0,426,0,0,0,0,0,3,0,0,0,0,0,0,0,0,0,0.993006993006993,0,0,0.00699300699300699,0,0.0034965034965035,0.996503496503497,0,NA,0.69487452,0.696877452283654
"4","SJ03_598048237","J03",598048237,"G/A","G","A","A","SPKDEN","C07_SAL_2018",5.13434618291625e-09,0.470167064439141,419,-0.0260523890601325,5.48810263491918e-05,8.07961870048161e-07,423,6,0,0,0,0,0,0,0,0,0,0,0,0,0,0.013986013986014,0.986013986013986,0,0,0,0.00699300699300699,0,0.993006993006993,0,NA,0.656370135,0.69745138716707
"5","SS04_329197898","S04",329197898,"A/G","G","A","A","SPKDEN","C07_SAL_2018",1.46972748991381e-06,0.448687350835322,419,0.0200403122352437,0.0052366390465629,0,124,207,98,0,0,0,0,0,0,0,0,0,0,0,0.228438228438228,0.482517482517482,0.289044289044289,0,0,0,0.46969696969697,0,0.53030303030303,0,0.699790024508197,0.696902739651741,0.693060521354167
"6","SS07_134934580","S07",134934580,"C/T","C","T","T","SPKDEN","C07_SAL_2018",8.87725836680427e-08,0.324582338902148,419,-0.0228817215047927,0.000474445073413854,1.05338463108377,0,0,0,0,406,1,0,22,0,0,0.0512820512820513,0.946386946386946,0.00233100233100233,0,0,0,0,0,0,0,0,0.027972027972028,0,0.972027972027972,0.80149115,0.692552119,0.696816859748744
"7","SV01_7732815","V01",7732815,"C/G","G","C","G","SPKDEN","C07_SAL_2018",1.32234741374721e-06,0.0620525059665871,419,-0.0387263555604651,0.0052366390465629,0,33,0,0,265,131,0,0,0,0,0,0,0.305361305361305,0,0,0,0,0.0769230769230769,0.617715617715618,0,0,0,0,0.385780885780886,0.614219114219114,0.683915773548387,0.696632854633205,0.700436785891473
"8","SV02_172479310","V02",172479310,"G/A","G","A","A","SPKDEN","C07_SAL_2018",4.03820951541766e-11,0.285202863961814,419,-0.0356288757935728,1.29493264530898e-06,2.55234555760445,328,93,8,0,0,0,0,0,0,0,0,0,0,0,0.0186480186480186,0.216783216783217,0.764568764568765,0,0,0,0.127039627039627,0,0.872960372960373,0,0.7490793475,0.717643483406593,0.6896482873125
"9","SV04_80560865","V04",80560865,"C/T","C","T","T","SPKDEN","C07_SAL_2018",1.64393783930772e-07,0.00119331742243434,419,-0.352994336462984,0.000753087924186865,2.25573404010052e-07,0,0,0,0,188,67,0,174,0,0,0.405594405594406,0.438228438228438,0.156177156177156,0,0,0,0,0,0,0,0,0.358974358974359,0,0.641025641025641,0.6996351175,0.6948230174269,0.697794892445652
"10","SJ01_320309248","J01",320309248,"A/C","A","C","C","FHBDON","C07_SAL_2018",2.09438998597434e-08,0.375661375661376,378,0.139589843931455,0.000167902009200598,2.16125687909282e-07,0,0,186,0,86,0,0,0,0,157,0,0.2004662004662,0,0,0.433566433566434,0,0,0,0.365967365967366,0,0.616550116550116,0,0,0.383449883449883,0.466666666666667,0.378571428571429,0.680722891566265
"11","SJ02_140707817","J02",140707817,"G/A","G","A","A","FHBDON","C07_SAL_2018",9.79325146682058e-08,0.00132275132275128,378,-2.32279007999067,0.000523400324644226,4.72901920638809e-08,378,49,2,0,0,0,0,0,0,0,0,0,0,0,0.00466200466200466,0.114219114219114,0.881118881118881,0,0,0,0.0617715617715618,0,0.938228438228438,0,0.4,0.584444444444444,0.52078313253012
"12","SJ03_533092483","J03",533092483,"G/T","G","T","T","FHBDON","C07_SAL_2018",1.34457584326636e-13,0.00132275132275128,378,-3.66351762411193,4.31165135660225e-09,0,423,0,0,0,0,0,6,0,0,0,0,0,0,0,0,0,0.986013986013986,0,0,0.013986013986014,0,0.00699300699300699,0.993006993006993,0,NA,0.54,0.527882037533512
"13","SS02_476215400","S02",476215400,"A/C","A","C","C","FHBDON","C07_SAL_2018",3.16452944900916e-08,0.0132275132275133,378,-0.840027248762212,0.000202953931682754,0,0,0,422,0,0,0,0,0,0,7,0,0,0,0,0.983682983682984,0,0,0,0.0163170163170163,0,0.991841491841492,0,0,0.00815850815850816,NA,0.657142857142857,0.525606469002695
"14","SS05_332031903","S05",332031903,"A/G","A","G","G","FHBDON","C07_SAL_2018",2.556626673215e-10,0.0198412698412699,378,-0.662564361735361,4.09916737649927e-06,4.38130809034432e-07,60,141,228,0,0,0,0,0,0,0,0,0,0,0,0.531468531468531,0.328671328671329,0.13986013986014,0,0,0,0.695804195804196,0,0.304195804195804,0,0.568518518518519,0.559016393442623,0.498514851485149
"15","SS06_83112789","S06",83112789,"C/T","C","T","T","FHBDON","C07_SAL_2018",1.97825706388623e-07,0.00264550264550267,378,-1.55595140598172,0.00090623956096628,0.743746610247061,0,0,0,0,410,0,0,19,0,0,0.0442890442890443,0.955710955710956,0,0,0,0,0,0,0,0,0,0.0221445221445221,0,0.977855477855478,NA,0.33125,0.536740331491713
"16","SV03_478717202","V03",478717202,"T/C","C","T","C","FHBDON","C07_SAL_2018",9.39950610383859e-09,0.0119047619047619,378,-0.763552874207285,0.000100471320743931,1.95323285324458e-06,0,0,0,0,61,63,0,305,0,0,0.710955710955711,0.142191142191142,0.146853146853147,0,0,0,0,0,0,0,0,0.502331002331002,0,0.497668997668998,0.409433962264151,0.554779411764706,0.509433962264151
"17","SV07_664789157","V07",664789157,"A/G","A","G","G","FHBDON","C07_SAL_2018",9.24615812051142e-07,0.0092592592592593,378,-0.750200157098103,0.0037062069056305,2.84050147575554e-07,1,6,422,0,0,0,0,0,0,0,0,0,0,0,0.983682983682984,0.013986013986014,0.00233100233100233,0,0,0,0.990675990675991,0,0.00932400932400932,0,1,0.82,0.522849462365591
"18","SJ02_627219003","J02",627219003,"A/G","G","A","G","HDANG","C07_SAL_2018",1.17867596661602e-08,0.00477326968973746,419,-0.466020148958315,0.000140211565274722,82.6302280623167,0,81,348,0,0,0,0,0,0,0,0,0,0,0,0.811188811188811,0.188811188811189,0,0,0,0,0.905594405594406,0,0.0944055944055944,0,NA,0.19620253164557,0.121470588235294
"19","SJ05_468911509","J05",468911509,"C/G","C","G","G","HDANG","C07_SAL_2018",1.43968653284414e-07,0.081145584725537,419,-0.123244878992089,0.000769440467478549,0,8,0,0,161,260,0,0,0,0,0,0,0.606060606060606,0,0,0,0,0.0186480186480186,0.375291375291375,0,0,0,0,0.206293706293706,0.793706293706294,0.228571428571429,0.156209150326797,0.120849420849421
"20","SJ06_546958441","J06",546958441,"G/T","G","T","T","HDANG","C07_SAL_2018",5.43556953546623e-08,0.275656324582339,419,-0.0846513905459055,0.000435756020734489,9.20089189569857e-07,183,0,0,0,0,68,178,0,0,0,0,0,0.158508158508158,0,0,0,0.426573426573427,0,0,0.414918414918415,0,0.365967365967366,0.634032634032634,0,0.144776119402985,0.151149425287356,0.11685393258427
"21","SJ06_547551925","J06",547551925,"C/A","C","A","A","HDANG","C07_SAL_2018",1.71481502481166e-09,0.205250596658711,419,-0.0848333744296661,5.49889734006355e-05,0.137881580440536,0,0,1,0,416,0,0,0,0,12,0,0.96969696969697,0,0,0.00233100233100233,0,0,0,0.027972027972028,0,0.0163170163170163,0,0,0.983682983682984,0,0.0833333333333333,0.13743842364532
"22","SS04_75793122","S04",75793122,"C/G","C","G","G","HDANG","C07_SAL_2018",9.86852813214994e-08,0.144391408114558,419,-0.0921240107012073,0.000632908183227304,0.108806686548686,11,0,0,82,336,0,0,0,0,0,0,0.783216783216783,0,0,0,0,0.0256410256410256,0.191142191142191,0,0,0,0,0.121212121212121,0.878787878787879,0.18,0.136708860759494,0.133939393939394
"23","SS07_384868013","S07",384868013,"T/C","T","C","C","HDANG","C07_SAL_2018",1.31173697515878e-08,0.0405727923627685,419,-0.165950679854439,0.000140211565274722,0.556332083338152,0,0,0,0,0,422,0,7,0,0,0.0163170163170163,0,0.983682983682984,0,0,0,0,0,0,0,0,0.991841491841492,0,0.00815850815850816,NA,0.0333333333333333,0.137046004842615
"24","SJ02_680787718","J02",680787718,"T/C","C","T","C","STMANG","C07_SAL_2018",7.05627434727473e-08,0.0766509433962265,424,4.68580605161924,0.00113136774747029,0,0,0,0,0,28,256,0,145,0,0,0.337995337995338,0.0652680652680653,0.596736596736597,0,0,0,0,0,0,0,0,0.765734265734266,0,0.234265734265734,65.5555555555556,68.3098591549296,69.843137254902
"25","SJ04_4086382","J04",4086382,"G/C","G","C","C","STMANG","C07_SAL_2018",1.17722485842532e-08,0.14622641509434,424,3.36447996620467,0.000377500695351247,1.34817794945525,137,0,0,247,45,0,0,0,0,0,0,0.104895104895105,0,0,0,0,0.319347319347319,0.575757575757576,0,0,0,0,0.607226107226107,0.392773892773893,69.5555555555556,68.641975308642,69.6323529411765
"26","SJ05_43784785","J05",43784785,"A/G","G","A","A","FHBD3G.DON","C07_SAL_2018",1.35847861340969e-09,0.00714285714285712,350,-7.64636180283145,4.35623336962086e-05,0,164,193,72,0,0,0,0,0,0,0,0,0,0,0,0.167832167832168,0.44988344988345,0.382284382284382,0,0,0,0.392773892773893,0,0.607226107226107,0,2.24545454545455,3.40569620253165,2.155
"27","SS04_70589221","S04",70589221,"A/G","G","A","G","FHBD3G.DON","C07_SAL_2018",7.43234348795253e-08,0.288571428571429,350,1.18455217326337,0.000794443195427246,0,74,179,176,0,0,0,0,0,0,0,0,0,0,0,0.41025641025641,0.417249417249417,0.172494172494172,0,0,0,0.618881118881119,0,0.381118881118881,0,3.65409836065574,2.46666666666667,2.67279411764706
"28","SV02_394911464","V02",394911464,"T/C","C","T","C","FHBD3G.DON","C07_SAL_2018",6.72625156931436e-08,0.06,350,-2.34522552601848,0.000794443195427246,0,0,0,0,0,58,241,0,130,0,0,0.303030303030303,0.135198135198135,0.561771561771562,0,0,0,0,0,0,0,0,0.713286713286713,0,0.286713286713287,2.70576923076923,3.19150943396226,2.525
"29","SV02_590255485","V02",590255485,"G/T","G","T","T","FHBD3G.DON","C07_SAL_2018",9.76635206883979e-07,0.00285714285714289,350,-9.11189861222442,0.00782944029478714,0,379,0,0,0,0,1,49,0,0,0,0,0,0.00233100233100233,0,0,0,0.883449883449883,0,0,0.114219114219114,0,0.0594405594405594,0.94055944055944,0,2.1,2.32,2.80414012738854
"30","SJ07_110440439","J07",110440439,"G/A","G","A","A","SPKYLD","C07_SAL_2018",9.23534116430946e-07,0.195180722891566,415,-0.00371254377774782,0.00493582808526519,0.00289338319664214,399,30,0,0,0,0,0,0,0,0,0,0,0,0,0,0.0699300699300699,0.93006993006993,0,0,0,0.034965034965035,0,0.965034965034965,0,NA,0.0139054237931034,0.0155408894818653
"31","SJ07_441485323","J07",441485323,"T/A","T","A","A","SPKYLD","C07_SAL_2018",3.18622206532112e-15,0.00240963855421683,415,-0.0588856443396804,1.02172582968652e-10,5.19046600869139,0,0,0,0,0,414,0,0,15,0,0,0,0.965034965034965,0.034965034965035,0,0,0,0,0,0,0.0174825174825175,0.982517482517482,0,0,NA,0.0101358933333333,0.015625005575
"32","SS01_69927979","S01",69927979,"C/A","A","C","A","SPKYLD","C07_SAL_2018",4.77021638253521e-07,0.00481927710843377,415,-0.023861532673227,0.00382416321846892,12.9335996588048,0,0,75,0,141,0,0,0,0,213,0,0.328671328671329,0,0,0.174825174825175,0,0,0,0.496503496503497,0,0.423076923076923,0,0,0.576923076923077,0.0144353977464789,0.0162680587864078,0.0146804875362319
"33","SS06_24099466","S06",24099466,"A/C","A","C","C","SPKYLD","C07_SAL_2018",2.06987319258984e-07,0.0301204819277109,415,-0.0105981861375921,0.00221248745555928,0.0717322577490298,0,0,393,0,0,0,0,0,0,36,0,0,0,0,0.916083916083916,0,0,0,0.0839160839160839,0,0.958041958041958,0,0,0.041958041958042,NA,0.0141375183333333,0.0155490500527704
"34","SS07_133393354","S07",133393354,"C/T","C","T","T","SPKYLD","C07_SAL_2018",1.43329207065333e-06,0.0795180722891566,415,-0.00567460148713264,0.0065659109756629,12.3885846130887,0,0,0,0,154,99,0,176,0,0,0.41025641025641,0.358974358974359,0.230769230769231,0,0,0,0,0,0,0,0,0.435897435897436,0,0.564102564102564,0.0140494263157895,0.0160671674418605,0.0155661643918919
"35","SV01_206124266","V01",206124266,"C/T","C","T","T","SPKYLD","C07_SAL_2018",9.20170791276739e-07,0.0325301204819277,415,-0.00866622242669429,0.00493582808526519,0.000673920282995477,0,0,0,0,221,15,0,193,0,0,0.44988344988345,0.515151515151515,0.034965034965035,0,0,0,0,0,0,0,0,0.25990675990676,0,0.74009324009324,0.012106816,0.0166347697837838,0.0146186324651163
"36","SV06_102610885","V06",102610885,"T/C","T","C","C","SPKYLD","C07_SAL_2018",2.15269249931252e-08,0.0036144578313253,415,-0.0355235175374049,0.000345151951877272,8.30999934109041e-08,0,0,0,0,9,339,0,81,0,0,0.188811188811189,0.020979020979021,0.79020979020979,0,0,0,0,0,0,0,0,0.884615384615385,0,0.115384615384615,0.00893774444444444,0.016864094025974,0.0152676768693009
"37","SJ07_60561704","J07",60561704,"C/T","C","T","T","PTHT","C07_SAL_2018",8.22423829170307e-07,0.443127962085308,422,3.65739331478449,0.00879088831000142,4.49886409901453,0,0,0,0,376,1,0,52,0,0,0.121212121212121,0.876456876456876,0.00233100233100233,0,0,0,0,0,0,0,0,0.0629370629370629,0,0.937062937062937,95,95.3921568627451,93.8783783783784
"38","SS07_129127730","S07",129127730,"A/G","A","G","G","PTHT","C07_SAL_2018",2.71117008596275e-08,0.414691943127962,422,3.6092111044,0.000869390911465675,0,20,44,365,0,0,0,0,0,0,0,0,0,0,0,0.850815850815851,0.102564102564103,0.0466200466200466,0,0,0,0.902097902097902,0,0.0979020979020979,0,92.75,92.093023255814,94.3732590529248
"39","SV04_405883624","V04",405883624,"C/T","C","T","T","PTHT","C07_SAL_2018",5.97290296441234e-08,0.0130331753554502,422,11.5243557077019,0.000957665396799052,2.76095316536566e-08,0,0,0,0,266,7,0,156,0,0,0.363636363636364,0.62004662004662,0.0163170163170163,0,0,0,0,0,0,0,0,0.198135198135198,0,0.801864801864802,93.5714285714286,95.5194805194805,93.2183908045977
"40","SJ01_158429406","J01",158429406,"T/C","T","C","C","FHBD3G.DON","C07_SAL_2019",3.7964284418337e-07,0.151300236406619,423,0.138304554354911,0.00173914386920402,0,0,0,0,0,10,310,0,109,0,0,0.254079254079254,0.0233100233100233,0.722610722610723,0,0,0,0,0,0,0,0,0.84965034965035,0,0.15034965034965,0.22,0.276851851851852,0.280327868852459
"41","SJ04_94758098","J04",94758098,"G/A","G","A","A","FHBD3G.DON","C07_SAL_2019",2.38151897226473e-08,0.00472813238770686,423,-0.877112977906146,0.000248682958854669,0,405,20,4,0,0,0,0,0,0,0,0,0,0,0,0.00932400932400932,0.0466200466200466,0.944055944055944,0,0,0,0.0326340326340326,0,0.967365967365967,0,0.1,0.31,0.278195488721804
"42","SS01_243368005","S01",243368005,"G/A","G","A","A","FHBD3G.DON","C07_SAL_2019",3.10204208506775e-08,0.00354609929078009,423,-1.06708086779327,0.000248682958854669,0,302,113,14,0,0,0,0,0,0,0,0,0,0,0,0.0326340326340326,0.263403263403263,0.703962703962704,0,0,0,0.164335664335664,0,0.835664335664336,0,0.238461538461538,0.283035714285714,0.277852348993289
"43","SS01_322704032","S01",322704032,"C/T","C","T","T","FHBD3G.DON","C07_SAL_2019",1.71206751138521e-07,0.00591016548463352,423,-0.775035684387124,0.000915014481459824,NA,0,0,0,0,369,5,0,55,0,0,0.128205128205128,0.86013986013986,0.0116550116550117,0,0,0,0,0,0,0,0,0.0757575757575757,0,0.924242424242424,0.2,0.218867924528302,0.287671232876712
"44","SS02_358044988","S02",358044988,"C/T","C","T","T","FHBD3G.DON","C07_SAL_2019",8.38652035528305e-07,0.122931442080378,423,0.168809183267765,0.00336163185291077,1.18963580484514e-08,0,0,0,0,387,3,0,39,0,0,0.0909090909090909,0.902097902097902,0.00699300699300699,0,0,0,0,0,0,0,0,0.0524475524475524,0,0.947552447552447,0.466666666666667,0.202564102564103,0.284251968503937
"45","SS05_39707358","S05",39707358,"A/G","G","A","G","FHBD3G.DON","C07_SAL_2019",3.09462753310448e-08,0.101654846335697,423,-0.198097089461309,0.000248682958854669,9.99764969914348e-09,22,180,227,0,0,0,0,0,0,0,0,0,0,0,0.529137529137529,0.41958041958042,0.0512820512820513,0,0,0,0.738927738927739,0,0.261072261072261,0,0.185714285714286,0.282584269662921,0.283035714285714
"46","SS07_397077923","S07",397077923,"A/G","A","G","G","FHBD3G.DON","C07_SAL_2019",4.426183189084e-08,0.00709219858156029,423,-0.70634333780842,0.000283868832648713,0.817243320158521,1,98,330,0,0,0,0,0,0,0,0,0,0,0,0.769230769230769,0.228438228438228,0.00233100233100233,0,0,0,0.883449883449884,0,0.116550116550117,0,0.2,0.28125,0.277300613496933
"47","SV05_560816755","V05",560816755,"A/G","A","G","G","FHBD3G.DON","C07_SAL_2019",1.15931918881977e-08,0.00472813238770686,423,-0.767986510038355,0.000248682958854669,0,32,212,185,0,0,0,0,0,0,0,0,0,0,0,0.431235431235431,0.494172494172494,0.0745920745920746,0,0,0,0.678321678321678,0,0.321678321678322,0,0.38125,0.266346153846154,0.273224043715847
"48","SJ01_222837735","J01",222837735,"C/T","C","T","T","HDANG","C07_SAL_2019",5.02153005647545e-07,0.0577830188679245,424,-0.0119237874382598,0.00423958515975613,0,0,0,0,0,380,1,0,48,0,0,0.111888111888112,0.885780885780886,0.00233100233100233,0,0,0,0,0,0,0,0,0.0582750582750583,0,0.941724941724942,0.2174285714,0.195878375004255,0.183569417883777
"49","SJ02_161464914","J02",161464914,"C/G","C","G","G","HDANG","C07_SAL_2019",5.28840884367871e-07,0.0589622641509434,424,0.011873530668943,0.00423958515975613,0.947474683725339,25,0,0,146,258,0,0,0,0,0,0,0.601398601398601,0,0,0,0,0.0582750582750583,0.34032634032634,0,0,0,0,0.228438228438228,0.771561771561772,0.183286810468,0.188499615516552,0.183193696099606
"50","SJ07_558194717","J07",558194717,"G/C","G","C","C","HDANG","C07_SAL_2019",1.76856390581958e-35,0.00117924528301883,424,-0.462925107295689,5.67125387679164e-31,0,333,0,0,66,30,0,0,0,0,0,0,0.0699300699300699,0,0,0,0,0.776223776223776,0.153846153846154,0,0,0,0,0.853146853146853,0.146853146853147,0.187169581526667,0.184034200681538,0.185010646902128
"51","SS01_223162383","S01",223162383,"C/T","C","T","T","HDANG","C07_SAL_2019",2.47398385344526e-07,0.209905660377358,424,-0.00677211775776962,0.00396666201142145,0,0,0,0,0,258,31,0,140,0,0,0.326340326340326,0.601398601398601,0.0722610722610723,0,0,0,0,0,0,0,0,0.235431235431235,0,0.764568764568765,0.179373048451613,0.189373019728571,0.183292593110277
"52","SS01_288544736","S01",288544736,"C/G","C","G","G","HDANG","C07_SAL_2019",1.41854739265612e-06,0.415094339622642,424,-0.00576631934009209,0.00758142654005063,0,0,0,0,28,401,0,0,0,0,0,0,0.934731934731935,0,0,0,0,0,0.0652680652680653,0,0,0,0,0.0326340326340326,0.967365967365967,NA,0.188114688367857,0.184794449612626
"53","SS02_103469367","S02",103469367,"A/G","G","A","G","HDANG","C07_SAL_2019",1.13308976259862e-06,0.0742924528301887,424,0.00997185029988668,0.00726695788344997,0,1,38,390,0,0,0,0,0,0,0,0,0,0,0,0.909090909090909,0.0885780885780886,0.00233100233100233,0,0,0,0.953379953379953,0,0.0466200466200466,0,0.2226666667,0.184961893056757,0.184921131116839
"54","SJ02_170760275","J02",170760275,"G/A","G","A","A","ZDK","C07_SAL_2019",6.21595616282965e-07,0.3125,424,-0.787199567390644,0.00398654132546917,0,348,73,8,0,0,0,0,0,0,0,0,0,0,0,0.0186480186480186,0.17016317016317,0.811188811188811,0,0,0,0.103729603729604,0,0.896270396270396,0,71,72.0684931506849,72.3139534883721
"55","SJ03_614622642","J03",614622642,"G/A","G","A","A","ZDK","C07_SAL_2019",1.71464629414704e-11,0.00117924528301883,424,11.7836225819919,5.49835627144131e-07,0.453827953800948,263,140,26,0,0,0,0,0,0,0,0,0,0,0,0.0606060606060606,0.326340326340326,0.613053613053613,0,0,0,0.223776223776224,0,0.776223776223776,0,72.2307692307692,71.9714285714286,72.4031007751938
"56","SS02_100855672","S02",100855672,"A/G","G","A","A","ZDK","C07_SAL_2019",1.259683494122e-06,0.00353773584905659,424,4.57634260998384,0.00577061008657288,0,134,183,112,0,0,0,0,0,0,0,0,0,0,0,0.261072261072261,0.426573426573427,0.312354312354312,0,0,0,0.474358974358974,0,0.525641025641026,0,72.2481203007519,72.3666666666667,72.0630630630631
"57","SS02_393839387","S02",393839387,"C/T","C","T","T","ZDK","C07_SAL_2019",2.2635927947815e-08,0.00117924528301883,424,9.72116722035571,0.000241955433834195,0,0,0,0,0,383,12,0,34,0,0,0.0792540792540792,0.892773892773893,0.027972027972028,0,0,0,0,0,0,0,0,0.0675990675990676,0,0.932400932400932,70.6666666666667,72.3529411764706,72.2910052910053
"58","SS03_140782902","S03",140782902,"T/G","T","G","G","ZDK","C07_SAL_2019",1.02211554264226e-06,0.265330188679245,424,-0.532584473302222,0.00546269651765153,0,27,0,0,0,0,251,151,0,0,0,0,0,0.585081585081585,0,0,0,0.0629370629370629,0,0,0.351981351981352,0,0.761072261072261,0.238927738927739,0,72.9259259259259,72.0738255033557,72.2822580645161
"59","SS07_437775861","S07",437775861,"G/C","C","G","C","ZDK","C07_SAL_2019",9.27366561525538e-11,0.332547169811321,424,-0.844901489486546,1.48689317642197e-06,2.16356605896937e-08,196,0,0,179,54,0,0,0,0,0,0,0.125874125874126,0,0,0,0,0.456876456876457,0.417249417249417,0,0,0,0,0.665501165501166,0.334498834498835,72.5849056603774,72.1931818181818,72.2102564102564
"60","SV01_448933298","V01",448933298,"G/A","G","A","A","ZDK","C07_SAL_2019",8.55332413335319e-08,0.00117924528301883,424,8.52263962465486,0.000685698612460592,0.603471828534072,397,29,3,0,0,0,0,0,0,0,0,0,0,0,0.00699300699300699,0.0675990675990676,0.925407925407925,0,0,0,0.0407925407925408,0,0.959207459207459,0,72.3333333333333,72.4285714285714,72.236641221374
"61","SJ02_629468571","J02",629468571,"T/C","T","C","C","HSATIVLSEV","C07_SAL_2019",3.93575739695235e-09,0.220518867924528,424,-3.58937328609265,0.000126207932448071,0,0,0,0,0,13,309,0,107,0,0,0.249417249417249,0.0303030303030303,0.72027972027972,0,0,0,0,0,0,0,0,0.844988344988345,0,0.155011655011655,5.30769230769231,11.0761904761905,8.76797385620915
"62","SJ04_42387257","J04",42387257,"G/A","G","A","A","HSATIVLSEV","C07_SAL_2019",6.76430789547936e-08,0.367924528301887,424,-2.44467629753913,0.00108455530642168,2.3194789548339,415,9,5,0,0,0,0,0,0,0,0,0,0,0,0.0116550116550117,0.020979020979021,0.967365967365967,0,0,0,0.0221445221445221,0,0.977855477855478,0,4.8,4.55555555555556,9.39024390243902
"63","SS03_71788959","S03",71788959,"A/G","A","G","G","HSATIVLSEV","C07_SAL_2019",3.1930238964621e-07,0.270047169811321,424,-2.93076576894869,0.00296059074402254,0,1,81,347,0,0,0,0,0,0,0,0,0,0,0,0.808857808857809,0.188811188811189,0.00233100233100233,0,0,0,0.903263403263403,0,0.0967365967365967,0,50,8.525,9.2798833819242
"64","SS05_62913669","S05",62913669,"A/C","A","C","C","HSATIVLSEV","C07_SAL_2019",1.22928054659772e-06,0.0247641509433962,424,-7.39636555321465,0.00788386785754984,0,0,0,383,0,8,0,0,0,0,38,0,0.0186480186480186,0,0,0.892773892773893,0,0,0,0.0885780885780886,0,0.937062937062937,0,0,0.0629370629370629,4.875,7.60526315789474,9.48941798941799
"65","SS07_308051477","S07",308051477,"A/G","A","G","G","HSATIVLSEV","C07_SAL_2019",3.69300619830048e-07,0.206367924528302,424,-3.32793596937905,0.00296059074402254,0,1,72,356,0,0,0,0,0,0,0,0,0,0,0,0.82983682983683,0.167832167832168,0.00233100233100233,0,0,0,0.913752913752914,0,0.0862470862470863,0,0,9.68571428571429,9.1699716713881
"66","SJ02_80542653","J02",80542653,"C/T","C","T","T","FHBDON","C07_SAL_2019",9.59863821325802e-07,0.00353773584905659,424,-6.60815862832362,0.00769498828961363,0,0,0,0,0,408,1,0,20,0,0,0.0466200466200466,0.951048951048951,0.00233100233100233,0,0,0,0,0,0,0,0,0.0256410256410256,0,0.974358974358974,2.2,3.45,3.01588089330025
"67","SJ03_626554531","J03",626554531,"A/C","C","A","C","FHBDON","C07_SAL_2019",8.35928214479978e-11,0.00707547169811318,424,-5.40754634757698,1.34028550268647e-06,0,0,0,226,0,97,0,0,0,0,106,0,0.226107226107226,0,0,0.526806526806527,0,0,0,0.247086247086247,0,0.65034965034965,0,0,0.34965034965035,2.97422680412371,3.8311320754717,2.67873303167421
"68","SS05_89380677","S05",89380677,"A/G","A","G","G","FHBDON","C07_SAL_2019",4.72373815008549e-07,0.0247641509433962,424,-2.9328607823426,0.00504920370862638,0,5,27,397,0,0,0,0,0,0,0,0,0,0,0,0.925407925407925,0.0629370629370629,0.0116550116550117,0,0,0,0.956876456876457,0,0.0431235431235431,0,1.84,2.32222222222222,3.09872448979592
"69","SV05_543093563","V05",543093563,"C/T","C","T","T","FHBDON","C07_SAL_2019",1.1016894153467e-13,0.00353773584905659,424,-10.8937810925823,3.53278744819225e-09,0,0,0,0,0,362,7,0,60,0,0,0.13986013986014,0.843822843822844,0.0163170163170163,0,0,0,0,0,0,0,0,0.0862470862470863,0,0.913752913752914,3.71428571428571,2.5,3.10921787709497
"70","SS07_402885068","S07",402885068,"C/T","T","C","T","GLBLSEV","C07_SAL_2019",1.25044883073344e-07,0.0615763546798029,406,-1.5478423177422,0.00400981426551293,0,0,0,0,0,264,13,0,152,0,0,0.354312354312354,0.615384615384615,0.0303030303030303,0,0,0,0,0,0,0,0,0.207459207459207,0,0.792540792540793,3.38461538461538,2.65957446808511,2.56349206349206
"71","SV05_543093563","V05",543093563,"C/T","C","T","T","FHBD3G","C07_SAL_2019",6.53876372076326e-07,0.00353773584905659,424,-1.78855585743375,0.0209678536233715,0,0,0,0,0,362,7,0,60,0,0,0.13986013986014,0.843822843822844,0.0163170163170163,0,0,0,0,0,0,0,0,0.0862470862470863,0,0.913752913752914,0.428571428571429,0.41864406779661,0.508938547486034
"72","SJ01_438678296","J01",438678296,"C/T","T","C","T","ERGSEV","C07_SAL_2020",2.77392760384953e-12,0.00540540540540535,370,-0.289282319617667,7.4126280393869e-09,1.87302602302266e-06,0,0,0,0,425,0,0,4,0,0,0.00932400932400932,0.990675990675991,0,0,0,0,0,0,0,0,0,0.00466200466200466,0,0.995337995337995,NA,0.25,0.040983606557377
"73","SJ03_35771049","J03",35771049,"A/T","A","T","T","ERGSEV","C07_SAL_2020",5.48301237864623e-30,0.0135135135135135,370,-0.347633402310031,4.39559394865122e-26,6.15529744104417e-08,0,0,147,0,0,17,0,0,265,0,0,0,0.0396270396270396,0.617715617715618,0.342657342657343,0,0,0,0,0,0.651515151515151,0.348484848484848,0,0,0.0588235294117647,0.0267857142857143,0.0697674418604651
"74","SJ06_341989312","J06",341989312,"G/A","G","A","A","ERGSEV","C07_SAL_2020",2.32945964259192e-09,0.0067567567567568,370,-0.221765436753772,5.33562731135679e-06,31.8014609031551,258,144,27,0,0,0,0,0,0,0,0,0,0,0,0.0629370629370629,0.335664335664336,0.601398601398601,0,0,0,0.230769230769231,0,0.769230769230769,0,0,0.0967741935483871,0.0178571428571429
"75","SJ07_5992523","J07",5992523,"T/G","G","T","G","ERGSEV","C07_SAL_2020",2.31416005700169e-28,0.00135135135135134,370,-0.978413997451423,1.23680284246455e-24,0.0646089234192497,36,0,0,0,0,243,150,0,0,0,0,0,0.566433566433566,0,0,0,0.0839160839160839,0,0,0.34965034965035,0,0.741258741258741,0.258741258741259,0,0,0.046875,0.0476190476190476
"76","SJ07_667035453","J07",667035453,"G/A","A","G","A","ERGSEV","C07_SAL_2020",2.33343250400178e-156,0.00135135135135134,370,-4.77704341810762,7.48261801058252e-152,0,234,174,21,0,0,0,0,0,0,0,0,0,0,0,0.048951048951049,0.405594405594406,0.545454545454545,0,0,0,0.251748251748252,0,0.748251748251748,0,0,0.00657894736842105,0.0738916256157636
"77","SS02_337893034","S02",337893034,"G/A","G","A","A","ERGSEV","C07_SAL_2020",8.374832621905e-44,0.00135135135135134,370,-2.01608870443166,8.95185858955425e-40,8.08176268444467e-09,359,60,10,0,0,0,0,0,0,0,0,0,0,0,0.0233100233100233,0.13986013986014,0.836829836829837,0,0,0,0.0932400932400932,0,0.906759906759907,0,0,0.0392156862745098,0.0451612903225806
"78","SS06_146499812","S06",146499812,"T/A","T","A","A","ERGSEV","C07_SAL_2020",1.80506021545816e-28,0.00135135135135134,370,-0.997684213762618,1.15765731858194e-24,5.56868316086541e-09,0,0,0,0,0,405,0,0,24,0,0,0,0.944055944055944,0.0559440559440559,0,0,0,0,0,0,0.027972027972028,0.972027972027972,0,0,NA,0.0454545454545455,0.0431034482758621
"79","SS07_414474582","S07",414474582,"G/C","C","G","C","ERGSEV","C07_SAL_2020",1.91280248625835e-24,0.0121621621621621,370,-0.209075808174139,8.76254818954949e-21,1.21204750289894e-08,349,0,0,63,17,0,0,0,0,0,0,0.0396270396270396,0,0,0,0,0.813519813519814,0.146853146853147,0,0,0,0,0.886946386946387,0.113053613053613,0.416666666666667,0.117647058823529,0.0162866449511401
"80","SS07_414489769","S07",414489769,"T/C","C","T","C","ERGSEV","C07_SAL_2020",1.0200342447264e-19,0.0121621621621621,370,0.648054673910831,4.08867976570519e-16,1.13501699887704,0,0,0,0,20,350,0,59,0,0,0.137529137529138,0.0466200466200466,0.815850815850816,0,0,0,0,0,0,0,0,0.884615384615385,0,0.115384615384615,0.533333333333333,0.0638297872340425,0.0162337662337662
"81","SS07_416230590","S07",416230590,"A/T","A","T","T","ERGSEV","C07_SAL_2020",2.16606452754349e-15,0.0135135135135135,370,0.481966149508399,6.31447192770336e-12,1.42530014223144,0,0,398,0,0,8,0,0,23,0,0,0,0.0186480186480186,0.0536130536130536,0.927738927738928,0,0,0,0,0,0.954545454545455,0.0454545454545455,0,0,0,0,0.0466472303206997
"82","SS07_428669333","S07",428669333,"A/G","G","A","G","ERGSEV","C07_SAL_2020",2.13718013463515e-07,0.0162162162162162,370,0.315505807317532,0.000428330971108409,13.975828135821,103,193,133,0,0,0,0,0,0,0,0,0,0,0,0.31002331002331,0.44988344988345,0.24009324009324,0,0,0,0.534965034965035,0,0.465034965034965,0,0.0888888888888889,0.048780487804878,0
"83","SV01_25473197","V01",25473197,"G/C","G","C","C","ERGSEV","C07_SAL_2020",8.38841582448471e-08,0.0067567567567568,370,0.317748687160305,0.000179327553495834,0.0391029093047022,147,0,0,262,20,0,0,0,0,0,0,0.0466200466200466,0,0,0,0,0.342657342657343,0.610722610722611,0,0,0,0,0.648018648018648,0.351981351981352,0,0.0391304347826087,0.0564516129032258
"84","SV01_37474372","V01",37474372,"C/T","T","C","T","ERGSEV","C07_SAL_2020",2.00566106316695e-19,0.0202702702702703,370,0.297191661374191,7.14617036806385e-16,9.82424631897428e-08,0,0,0,0,206,106,0,117,0,0,0.272727272727273,0.48018648018648,0.247086247086247,0,0,0,0,0,0,0,0,0.383449883449883,0,0.616550116550117,0.010752688172043,0.087378640776699,0.0344827586206897
"85","SV03_294791114","V03",294791114,"C/A","C","A","A","ERGSEV","C07_SAL_2020",1.13488098861944e-133,0.00135135135135134,370,-3.03151555671161,1.81961143310298e-129,0,0,0,24,0,267,0,0,0,0,138,0,0.622377622377622,0,0,0.0559440559440559,0,0,0,0.321678321678322,0,0.216783216783217,0,0,0.783216783216783,0,0.0427350427350427,0.0476190476190476
"86","SV03_403974348","V03",403974348,"C/T","C","T","T","ERGSEV","C07_SAL_2020",1.0484715404158e-09,0.0202702702702703,370,-0.0902260675977018,2.58625668357797e-06,6.31496529504717e-06,0,0,0,0,428,0,0,1,0,0,0.00233100233100233,0.997668997668998,0,0,0,0,0,0,0,0,0,0.00116550116550117,0,0.998834498834499,NA,0,0.043360433604336
"87","SV06_66877427","V06",66877427,"G/A","G","A","A","ERGSEV","C07_SAL_2020",6.50678479549012e-19,0.00810810810810814,370,-0.245538973730229,2.08653068036982e-15,0,123,289,17,0,0,0,0,0,0,0,0,0,0,0,0.0396270396270396,0.673659673659674,0.286713286713287,0,0,0,0.376456876456876,0,0.623543123543123,0,0,0.0198412698412698,0.104761904761905
"88","SJ01_535344826","J01",535344826,"A/G","A","G","G","SPKHD","C07_SAL_2020",3.21741566122054e-07,0.140540540540541,370,-0.867235748801647,0.00206345736016718,1.1435745295146,12,92,325,0,0,0,0,0,0,0,0,0,0,0,0.757575757575758,0.214452214452214,0.027972027972028,0,0,0,0.864801864801865,0,0.135198135198135,0,24.6833333333333,23.6675,23.616726618705
"89","SJ04_443970274","J04",443970274,"C/T","C","T","T","SPKHD","C07_SAL_2020",7.47897870375915e-07,0.116216216216216,370,1.01178382024351,0.00399714016822408,0.492571863639031,0,0,0,0,112,87,0,230,0,0,0.536130536130536,0.261072261072261,0.202797202797203,0,0,0,0,0,0,0,0,0.470862470862471,0,0.529137529137529,23.6867088607595,23.560621761658,23.8428571428571
"90","SJ06_182383764","J06",182383764,"A/C","C","A","C","SPKHD","C07_SAL_2020",1.56935745606634e-07,0.212162162162162,370,0.743256451019079,0.00125811463859199,1.04414196702129,0,0,310,0,5,0,0,0,0,114,0,0.0116550116550117,0,0,0.722610722610723,0,0,0,0.265734265734266,0,0.855477855477855,0,0,0.144522144522145,22.6,23.8686868686869,23.6054511278195
"91","SJ06_233909510","J06",233909510,"C/T","C","T","T","SPKHD","C07_SAL_2020",2.24756275798588e-08,0.231081081081081,370,0.743464557306481,0.00024024198320111,4.84195786644746e-08,0,0,0,0,220,44,0,165,0,0,0.384615384615385,0.512820512820513,0.102564102564103,0,0,0,0,0,0,0,0,0.294871794871795,0,0.705128205128205,23.3180555555556,23.7370629370629,23.6712041884817
"92","SS02_60814509","S02",60814509,"G/A","G","A","A","SPKHD","C07_SAL_2020",1.20698916054942e-12,0.363513513513513,370,0.930319662538142,3.87045214113382e-08,36.3357405446043,406,16,7,0,0,0,0,0,0,0,0,0,0,0,0.0163170163170163,0.0372960372960373,0.946386946386946,0,0,0,0.034965034965035,0,0.965034965034965,0,24.1666666666667,23.3466666666667,23.6671919770774
"93","SS07_431676369","S07",431676369,"C/A","C","A","A","SPKHD","C07_SAL_2020",1.43724956134622e-06,0.218918918918919,370,0.705014752335728,0.00658404024052704,8.4385029167917e-08,0,0,15,0,263,0,0,0,0,151,0,0.613053613053613,0,0,0.034965034965035,0,0,0,0.351981351981352,0,0.210955710955711,0,0,0.789044289044289,24.0615384615385,23.4057971014493,23.8002283105023
"94","SV03_342354337","V03",342354337,"C/T","C","T","T","SPKHD","C07_SAL_2020",5.09212837243317e-09,0.252702702702703,370,-1.02933073736636,8.16446402594072e-05,0.507682535269154,0,0,0,0,378,1,0,50,0,0,0.116550116550117,0.881118881118881,0.00233100233100233,0,0,0,0,0,0,0,0,0.0606060606060606,0,0.93939393939394,25.2,23.9958333333333,23.6076323987539
"95","SJ01_54110313","J01",54110313,"G/A","G","A","A","STMANG","C07_SAL_2020",1.10081913113177e-06,0.0460704607046071,369,6.6360808315228,0.00705999341560051,0,396,29,4,0,0,0,0,0,0,0,0,0,0,0,0.00932400932400932,0.0675990675990676,0.923076923076923,0,0,0,0.0431235431235431,0,0.956876456876457,0,70,71.9230769230769,73.3628318584071
"96","SJ07_38100803","J07",38100803,"T/C","T","C","C","STMANG","C07_SAL_2020",3.99981059055822e-07,0.265582655826558,369,-3.89194824827734,0.0036420525566784,0,0,0,0,0,0,403,0,26,0,0,0.0606060606060606,0,0.93939393939394,0,0,0,0,0,0,0,0,0.96969696969697,0,0.0303030303030303,NA,75.4166666666667,73.0724637681159
"97","SS02_443036385","S02",443036385,"T/C","C","T","C","STMANG","C07_SAL_2020",4.85571964763768e-09,0.295392953929539,369,-4.07777398347366,7.78541809703988e-05,0,0,0,0,0,92,140,0,197,0,0,0.459207459207459,0.214452214452214,0.326340326340326,0,0,0,0,0,0,0,0,0.555944055944056,0,0.444055944055944,72.6923076923077,74.1279069767442,72.2689075630252
"98","SS06_325276373","S06",325276373,"T/C","T","C","C","STMANG","C07_SAL_2020",4.54305367721134e-07,0.237127371273713,369,-3.56156305048223,0.0036420525566784,0,0,0,0,0,7,347,0,75,0,0,0.174825174825175,0.0163170163170163,0.808857808857809,0,0,0,0,0,0,0,0,0.896270396270396,0,0.103729603729604,75,71.5625,73.5548172757475
"99","SV03_334163944","V03",334163944,"T/A","T","A","A","STMANG","C07_SAL_2020",6.4508814402995e-10,0.0487804878048781,369,9.69950085263895,2.06860415146084e-05,0,0,0,8,0,0,348,0,0,73,0,0,0,0.811188811188811,0.17016317016317,0.0186480186480186,0,0,0,0,0,0.103729603729604,0.896270396270396,0,0,72.8571428571429,70.1515151515152,73.9189189189189
"100","SJ02_535136401","J02",535136401,"G/A","G","A","A","FHBDON","C07_SAL_2020",1.56265092680306e-24,0.0033333333333333,300,-4.01091633199221,5.01095272697937e-20,11.038289367185,383,40,6,0,0,0,0,0,0,0,0,0,0,0,0.013986013986014,0.0932400932400932,0.892773892773893,0,0,0,0.0606060606060606,0,0.939393939393939,0,0.225,0.092,0.269372693726937
"101","SJ03_111371772","J03",111371772,"G/T","G","T","T","FHBDON","C07_SAL_2020",5.02482291191527e-18,0.0033333333333333,300,-3.2275947819749,4.02827490790968e-14,1.03646518610248,336,0,0,0,0,0,93,0,0,0,0,0,0,0,0,0,0.783216783216783,0,0,0.216783216783217,0,0.108391608391608,0.891608391608392,0,NA,0.466176470588235,0.191810344827586
"102","SJ03_23619855","J03",23619855,"T/A","T","A","A","FHBDON","C07_SAL_2020",1.65314094207023e-12,0.0016666666666667,300,-2.28733551500747,7.57303865562372e-09,0,0,0,34,0,0,173,0,0,222,0,0,0,0.403263403263403,0.517482517482518,0.0792540792540792,0,0,0,0,0,0.337995337995338,0.662004662004662,0,0,0.2,0.26078431372549,0.25655737704918
"103","SJ07_537457347","J07",537457347,"A/T","A","T","T","FHBDON","C07_SAL_2020",2.31351246856695e-11,0.005,300,-1.18532146146503,9.27342554119207e-08,0,0,0,354,0,0,8,0,0,67,0,0,0,0.0186480186480186,0.156177156177156,0.825174825174825,0,0,0,0,0,0.903263403263403,0.0967365967365967,0,0,0.0333333333333333,0.246153846153846,0.257751937984496
"104","SS01_289224236","S01",289224236,"T/A","T","A","A","FHBDON","C07_SAL_2020",9.40493643806378e-07,0.0766666666666667,300,-0.221845099713933,0.00301588096759391,6.97860493965389,0,0,50,0,0,214,0,0,165,0,0,0,0.498834498834499,0.384615384615385,0.116550116550117,0,0,0,0,0,0.308857808857809,0.691142191142191,0,0,0.607894736842105,0.205172413793103,0.200684931506849
"105","SS02_105621999","S02",105621999,"T/C","C","T","T","FHBDON","C07_SAL_2020",2.59691672439799e-19,0.005,300,3.44185397694375,2.77584428670901e-15,0,0,0,0,0,154,106,0,169,0,0,0.393939393939394,0.358974358974359,0.247086247086247,0,0,0,0,0,0,0,0,0.444055944055944,0,0.555944055944056,0.297345132743363,0.254782608695652,0.184722222222222
"106","SS05_151631442","S05",151631442,"T/C","C","T","C","FHBDON","C07_SAL_2020",1.03909678132689e-12,0.0016666666666667,300,-3.30052391719614,5.55345274780155e-09,0,0,0,0,0,51,240,0,138,0,0,0.321678321678322,0.118881118881119,0.55944055944056,0,0,0,0,0,0,0,0,0.72027972027972,0,0.27972027972028,0.223684210526316,0.241237113402062,0.268484848484848
"107","SS06_329485557","S06",329485557,"C/G","C","G","G","FHBDON","C07_SAL_2020",5.70331881482668e-08,0.136666666666667,300,-0.174552535398911,0.000203209249372274,0,14,0,0,64,351,0,0,0,0,0,0,0.818181818181818,0,0,0,0,0.0326340326340326,0.149184149184149,0,0,0,0,0.107226107226107,0.892773892773893,0.1875,0.180952380952381,0.2684
"108","SS06_83112789","S06",83112789,"C/T","C","T","T","FHBDON","C07_SAL_2020",1.29874673029611e-13,0.0016666666666667,300,-3.78636119058365,8.32938228008106e-10,0,0,0,0,0,410,0,0,19,0,0,0.0442890442890443,0.955710955710956,0,0,0,0,0,0,0,0,0,0.0221445221445221,0,0.977855477855478,NA,0.04,0.265263157894737
"109","SV07_202019831","V07",202019831,"A/G","G","A","G","FHBDON","C07_SAL_2020",1.43542630881417e-22,0.0016666666666667,300,-4.15834118533793,2.3014907722372e-18,0,17,98,314,0,0,0,0,0,0,0,0,0,0,0,0.731934731934732,0.228438228438228,0.0396270396270396,0,0,0,0.846153846153846,0,0.153846153846154,0,0.775,0.355555555555556,0.197777777777778
"110","SJ03_84673435","J03",84673435,"A/T","A","T","T","HSATIVLSEV","C07_SAL_2020",5.27639396985606e-09,0.00134770889487867,371,-21.1126802931958,5.63993751437914e-05,0,0,0,274,0,0,6,0,0,149,0,0,0,0.013986013986014,0.347319347319347,0.638694638694639,0,0,0,0,0,0.812354312354312,0.187645687645688,0,0,2.4,4.17424242424242,3.33333333333333
"111","SJ04_507780718","J04",507780718,"G/A","G","A","A","HSATIVLSEV","C07_SAL_2020",9.66008616995549e-08,0.00673854447439348,371,-7.57180205254008,0.000619539966423925,0,420,9,0,0,0,0,0,0,0,0,0,0,0,0,0,0.020979020979021,0.979020979020979,0,0,0,0.0104895104895105,0,0.98951048951049,0,NA,5.75,3.57300275482094
"112","SJ05_478511163","J05",478511163,"C/A","C","A","A","HSATIVLSEV","C07_SAL_2020",7.53671339926861e-08,0.00134770889487867,371,-17.5528456275216,0.000604199471435867,0,0,0,1,0,331,0,0,0,0,97,0,0.771561771561772,0,0,0.00233100233100233,0,0,0,0.226107226107226,0,0.115384615384615,0,0,0.884615384615385,5,4.20224719101124,3.43060498220641
"113","SJ06_541253677","J06",541253677,"G/A","A","G","A","HSATIVLSEV","C07_SAL_2020",1.05031078680355e-06,0.00134770889487867,371,-15.8703387010686,0.00561338600007159,0,262,146,21,0,0,0,0,0,0,0,0,0,0,0,0.048951048951049,0.34032634032634,0.610722610722611,0,0,0,0.219114219114219,0,0.780885780885781,0,2.31578947368421,3.7734375,3.64285714285714
"114","SV04_397784395","V04",397784395,"G/T","G","T","T","HSATIVLSEV","C07_SAL_2020",1.71210531650031e-09,0.0673854447439353,371,-3.06359859668853,2.74510405921077e-05,4.80196399337981,321,0,0,0,0,6,102,0,0,0,0,0,0.013986013986014,0,0,0,0.748251748251748,0,0,0.237762237762238,0,0.132867132867133,0.867132867132867,0,0.666666666666667,3.36263736263736,3.73646209386282
"115","SV07_222819554","V07",222819554,"T/A","T","A","A","HSATIVLSEV","C07_SAL_2020",5.82632423251679e-13,0.0619946091644205,371,-4.02567170223401,1.86832739164116e-08,0.122663603957535,0,0,63,0,0,190,0,0,176,0,0,0,0.442890442890443,0.41025641025641,0.146853146853147,0,0,0,0,0,0.351981351981352,0.648018648018648,0,0,2.62264150943396,4.86538461538461,2.74691358024691
"116","SJ05_317782015","J05",317782015,"G/A","G","A","A","HDANG","C07_SAL_2020",7.19297019311516e-07,0.291891891891892,370,0.103203959127093,0.0230656975182624,7.54280549276033,138,270,21,0,0,0,0,0,0,0,0,0,0,0,0.048951048951049,0.629370629370629,0.321678321678322,0,0,0,0.363636363636364,0,0.636363636363636,0,0.621052631578947,0.666382978723404,0.670689655172414
"117","SJ03_302994249","J03",302994249,"T/C","T","C","C","FHBSPKINC","C10_OLA_2021",1.86822793138239e-10,0.00378787878787878,264,27.8941308445428,5.9908465075639e-06,0.651356882884814,0,0,0,0,0,364,0,0,0,0,0,0,1,0,0,0,0,0,0,0,0,1,0,0,NA,NA,93.9806342625
"118","SJ03_315074803","J03",315074803,"C/T","C","T","T","FHBSPKINC","C10_OLA_2021",1.14366305050453e-07,0.00946969696969702,264,13.0098960486798,0.000916846076013218,1.53025136580535,0,0,0,0,282,7,0,75,0,0,0.206043956043956,0.774725274725275,0.0192307692307692,0,0,0,0,0,0,0,0,0.122252747252747,0,0.877747252747253,98.33333334,93.4910287474576,94.0162504125
"119","SJ04_448435444","J04",448435444,"C/G","C","G","G","FHBSPKINC","C10_OLA_2021",7.77049224607165e-07,0.357954545454545,264,-2.85072245823368,0.00498352749709559,0,9,0,0,89,266,0,0,0,0,0,0,0.730769230769231,0,0,0,0,0.0247252747252747,0.244505494505494,0,0,0,0,0.146978021978022,0.853021978021978,96.26262625,95.1007710230769,93.5324433746114
"120","SS02_161844379","S02",161844379,"A/G","A","G","G","FHBSPKINC","C10_OLA_2021",5.48034591571385e-09,0.00946969696969702,264,17.9777053436173,5.85794174930653e-05,0,8,42,314,0,0,0,0,0,0,0,0,0,0,0,0.862637362637363,0.115384615384615,0.021978021978022,0,0,0,0.92032967032967,0,0.0796703296703297,0,97.7777777666667,92.619701725,94.0472570886957
"121","SV02_452036252","V02",452036252,"T/G","T","G","G","FHBSPKINC","C10_OLA_2021",2.56001375615302e-09,0.00568181818181823,264,16.8633579561044,4.10459805592795e-05,3.52973082611392e-08,102,0,0,0,0,108,154,0,0,0,0,0,0.296703296703297,0,0,0,0.28021978021978,0,0,0.423076923076923,0,0.508241758241758,0.491758241758242,0,95.9709338242857,93.2106732535714,93.3332521121951
"122","SJ04_470381305","J04",470381305,"T/A","A","T","A","FHBDON","C10_OLA_2021",2.56105698670796e-07,0.030448717948718,312,-15.1668527510863,0.0020531353598191,4.76334485386657,0,0,30,0,0,197,0,0,137,0,0,0,0.541208791208791,0.376373626373626,0.0824175824175824,0,0,0,0,0,0.270604395604396,0.729395604395604,0,0,27.816,18.1282051282051,19.0405882352941
"123","SJ06_190433484","J06",190433484,"A/G","A","G","G","FHBDON","C10_OLA_2021",1.59478555936878e-07,0.0016025641025641,312,-95.280521982153,0.00170466628440929,0,20,111,233,0,0,0,0,0,0,0,0,0,0,0,0.64010989010989,0.304945054945055,0.0549450549450549,0,0,0,0.792582417582418,0,0.207417582417582,0,15.8588235294118,20.5266666666667,19.2014634146341
"124","SS01_260252102","S01",260252102,"C/A","C","A","A","FHBDON","C10_OLA_2021",2.72738202937405e-11,0.00480769230769229,312,-69.7697181185031,8.74589595359376e-07,0.528100979866586,0,0,0,0,364,0,0,0,0,0,0,1,0,0,0,0,0,0,0,0,0,0,0,1,NA,NA,19.4016025641026
"125","SS06_262784533","S06",262784533,"C/T","T","C","T","FHBDON","C10_OLA_2021",1.04330137352158e-06,0.177884615384615,312,-7.16450126452932,0.00557592419078608,7.51787065103365e-08,0,0,0,0,318,2,0,44,0,0,0.120879120879121,0.873626373626374,0.0054945054945055,0,0,0,0,0,0,0,0,0.0659340659340659,0,0.934065934065934,40.75,25.3641025641026,18.3859778597786
"126","SV01_70280031","V01",70280031,"T/C","T","C","C","FHBDON","C10_OLA_2021",6.59085235792816e-08,0.282051282051282,312,-6.19402663135591,0.00105674431280841,8.56670703106702e-07,0,0,0,0,0,239,0,125,0,0,0.343406593406593,0,0.656593406593407,0,0,0,0,0,0,0,0,0.828296703296703,0,0.171703296703297,NA,19.7519230769231,19.2264423076923
"127","SV03_434778697","V03",434778697,"G/A","A","G","A","FHBDON","C10_OLA_2021",9.75492756318682e-07,0.44551282051282,312,3.95879838141965,0.00557592419078608,2.81638720044367e-08,262,84,18,0,0,0,0,0,0,0,0,0,0,0,0.0494505494505494,0.230769230769231,0.71978021978022,0,0,0,0.164835164835165,0,0.835164835164835,0,19.55,16.8767123287671,20.2115555555556
"128","SJ02_537945840","J02",537945840,"C/T","C","T","T","FHBDON","C10_OLA_2022",6.949642257606e-08,0.121428571428571,280,-2.97186564676564,0.000742847260915505,0,0,0,0,0,317,1,0,46,0,0,0.126373626373626,0.870879120879121,0.00274725274725275,0,0,0,0,0,0,0,0,0.0659340659340659,0,0.934065934065934,NA,7.31538461538462,8.19834024896265
"129","SS01_333518696","S01",333518696,"G/T","G","T","T","FHBDON","C10_OLA_2022",1.3922983234927e-06,0.4375,280,-1.85491820722912,0.00744113838990675,0,361,0,0,0,0,0,3,0,0,0,0,0,0,0,0,0,0.991758241758242,0,0,0.00824175824175824,0,0.00412087912087912,0.995879120879121,0,NA,11.5333333333333,8.03790613718412
"130","SS01_338632504","S01",338632504,"G/T","G","T","T","FHBDON","C10_OLA_2022",1.34634150244992e-06,0.116071428571429,280,-2.63281096401082,0.00744113838990675,1.41625562681055,105,0,0,0,0,91,168,0,0,0,0,0,0.25,0,0,0,0.288461538461538,0,0,0.461538461538462,0,0.480769230769231,0.519230769230769,0,9.14246575342466,8.09461538461538,7.03116883116883
"131","SS03_383088528","S03",383088528,"T/C","T","C","C","FHBDON","C10_OLA_2022",1.39097909432118e-08,0.358928571428571,280,-2.29642185776527,0.000446045266175971,0,0,0,0,0,0,352,0,12,0,0,0.032967032967033,0,0.967032967032967,0,0,0,0,0,0,0,0,0.983516483516484,0,0.0164835164835165,NA,11.3375,7.97941176470588
"132","SS03_447957443","S03",447957443,"G/A","A","G","A","FHBDON","C10_OLA_2022",5.02587964605812e-08,0.125,280,-3.14517240799908,0.000742847260915505,NA,318,39,7,0,0,0,0,0,0,0,0,0,0,0,0.0192307692307692,0.107142857142857,0.873626373626374,0,0,0,0.0728021978021978,0,0.927197802197802,0,6.5,8.56206896551724,8.05
"133","SV03_259924662","V03",259924662,"A/G","A","G","G","FHBDON","C10_OLA_2022",1.02531291249809e-07,0.333928571428571,280,2.33806430266173,0.000821967729126907,3.18354436718061,0,2,362,0,0,0,0,0,0,0,0,0,0,0,0.994505494505495,0.0054945054945055,0,0,0,0,0.997252747252747,0,0.00274725274725275,0,NA,17.85,8.00503597122302
"134","SJ02_550994220","J02",550994220,"G/A","G","A","A","FHBZEA","C10_OLA_2022",1.45252024847863e-06,0.0892857142857143,280,-0.191558957229001,0.00931559336159287,NA,352,8,4,0,0,0,0,0,0,0,0,0,0,0,0.010989010989011,0.021978021978022,0.967032967032967,0,0,0,0.021978021978022,0,0.978021978021978,0,0.1,0.44,0.323247232472325
"135","SS03_451590681","S03",451590681,"T/A","A","T","A","FHBZEA","C10_OLA_2022",1.37357389116466e-10,0.0410714285714285,280,-0.389176440324102,1.10115984919943e-06,1.57822198950967,0,0,3,0,0,315,0,0,46,0,0,0,0.865384615384615,0.126373626373626,0.00824175824175824,0,0,0,0,0,0.0714285714285714,0.928571428571429,0,0,0.1,0.431428571428571,0.308230452674897
"136","SS04_336690977","S04",336690977,"A/G","A","G","G","FHBZEA","C10_OLA_2022",9.52656070493992e-12,0.00178571428571428,280,-2.53997656941425,1.01829407375103e-07,0,3,171,190,0,0,0,0,0,0,0,0,0,0,0,0.521978021978022,0.46978021978022,0.00824175824175824,0,0,0,0.756868131868132,0,0.243131868131868,0,0.466666666666667,0.290225563909774,0.348611111111111
"137","SS06_32856422","S06",32856422,"G/A","G","A","A","FHBZEA","C10_OLA_2022",1.72754399745626e-15,0.00178571428571428,280,-2.8369226710292,2.7698576683215e-11,0.213602269593043,353,10,1,0,0,0,0,0,0,0,0,0,0,0,0.00274725274725275,0.0274725274725275,0.96978021978022,0,0,0,0.0164835164835165,0,0.983516483516483,0,0,0.466666666666667,0.318518518518518
"138","SV06_429405425","V06",429405425,"C/T","C","T","T","FHBZEA","C10_OLA_2022",2.82481968925052e-37,0.00178571428571428,280,-9.51040338547091,9.05834929751963e-33,55.2057822830997,0,0,0,0,364,0,0,0,0,0,0,1,0,0,0,0,0,0,0,0,0,0,0,1,NA,NA,0.322142857142857
"139","SJ03_611922552","J03",611922552,"G/A","G","A","A","ZDK","C10_OLA_2022",8.70304839868848e-08,0.0249221183800623,321,5.46218279865889,0.000930268843335812,0,364,0,0,0,0,0,0,0,0,0,0,0,0,0,0,0,1,0,0,0,0,0,1,0,NA,NA,67.380062305296
"140","SJ05_103986355","J05",103986355,"A/C","A","C","C","ZDK","C10_OLA_2022",7.22722268933422e-08,0.0124610591900312,321,5.14495421049926,0.000930268843335812,0,0,0,263,0,17,0,0,0,0,84,0,0.0467032967032967,0,0,0.722527472527473,0,0,0,0.230769230769231,0,0.837912087912088,0,0,0.162087912087912,66.3333333333333,68.0985915492958,67.2297872340425
"141","SV01_501741056","V01",501741056,"T/C","C","T","C","ZDK","C10_OLA_2022",4.22310139133817e-08,0.0155763239875389,321,7.7079790312564,0.000930268843335812,0,0,0,0,0,39,271,0,54,0,0,0.148351648351648,0.107142857142857,0.744505494505495,0,0,0,0,0,0,0,0,0.818681318681319,0,0.181318681318681,65.9189189189189,67.9767441860465,67.4979253112033
"142","SJ05_303741566","J05",303741566,"G/C","G","C","C","HSATIVLSEV","C10_OLA_2022",3.46203452296706e-08,0.194174757281553,309,-5.3232901895082,0.000555085305239924,0,305,0,0,58,1,0,0,0,0,0,0,0.00274725274725275,0,0,0,0,0.837912087912088,0.159340659340659,0,0,0,0,0.917582417582418,0.0824175824175824,10,13.98,14.1356589147287
"143","SS05_120261602","S05",120261602,"C/T","C","T","T","HSATIVLSEV","C10_OLA_2022",5.09899485058935e-10,0.00647249190938515,309,-32.2148737769642,1.63509467873849e-05,0,0,0,0,0,231,17,0,116,0,0,0.318681318681319,0.634615384615385,0.0467032967032967,0,0,0,0,0,0,0,0,0.206043956043956,0,0.793956043956044,11.6,14.7835051546392,13.9492385786802
"144","SJ05_389593959","J05",389593959,"A/C","A","C","C","BLSSEV","C10_OLA_2022",6.35972956722532e-07,0.144951140065147,307,-4.92863650438981,0.00679791493440715,0,0,0,285,0,7,0,0,0,0,72,0,0.0192307692307692,0,0,0.782967032967033,0,0,0,0.197802197802198,0,0.881868131868132,0,0,0.118131868131868,15,14.7142857142857,14.2362869198312
"145","SS04_283559355","S04",283559355,"C/T","C","T","T","BLSSEV","C10_OLA_2022",3.40793991865999e-11,0.00814332247557004,307,-22.1288689652999,1.0928240937167e-06,NA,0,0,0,0,207,27,0,130,0,0,0.357142857142857,0.568681318681319,0.0741758241758242,0,0,0,0,0,0,0,0,0.252747252747253,0,0.747252747252747,8.04347826086956,15.6818181818182,14.3448275862069
"146","SV06_142550878","V06",142550878,"G/A","G","A","A","BLSSEV","C10_OLA_2022",1.27947170590548e-08,0.472312703583062,307,9.0500075852363,0.000205144095966356,0,338,23,3,0,0,0,0,0,0,0,0,0,0,0,0.00824175824175824,0.0631868131868132,0.928571428571429,0,0,0,0.0398351648351648,0,0.960164835164835,0,3.5,16.15,14.3017543859649
"147","SJ07_668224534","J07",668224534,"G/A","G","A","A","FHBSPKINC","C10_OLA_2022",8.5049598312854e-07,0.0129449838187702,309,29.7673791182557,0.0120365044896924,5.52257938200712,336,24,4,0,0,0,0,0,0,0,0,0,0,0,0.010989010989011,0.0659340659340659,0.923076923076923,0,0,0,0.043956043956044,0,0.956043956043956,0,63.194444445,82.181109826,78.71549273775
"148","SV02_548956709","V02",548956709,"C/G","G","C","G","FHBSPKINC","C10_OLA_2022",3.4560559441404e-08,0.0194174757281553,309,26.9405923526292,0.0011082534596075,0,15,0,0,27,322,0,0,0,0,0,0,0.884615384615385,0,0,0,0,0.0412087912087912,0.0741758241758242,0,0,0,0,0.0782967032967033,0.921703296703297,86.0714285716667,82.8683248572727,78.1515752737454
"149","SV06_12880934","V06",12880934,"C/A","C","A","A","FHBSPKINC","C10_OLA_2022",1.12775255804202e-06,0.215210355987055,309,6.766855218258,0.0120365044896924,0,0,0,1,0,358,0,0,0,0,5,0,0.983516483516483,0,0,0.00274725274725275,0,0,0,0.0137362637362637,0,0.00961538461538462,0,0,0.990384615384615,58.33333333,73.428571428,78.9510471931683
"150","SV06_433049091","V06",433049091,"A/T","T","A","T","FHBSPKINC","C10_OLA_2022",1.50141946420837e-06,0.0469255663430421,309,15.1630329790071,0.0120365044896924,0,0,0,302,0,0,4,0,0,58,0,0,0,0.010989010989011,0.159340659340659,0.82967032967033,0,0,0,0,0,0.90934065934066,0.0906593406593407,0,0,82.7884615375,76.296315985,79.1994804535798
"151","SS01_260252102","S01",260252102,"C/A","C","A","A","PTHT","C10_OLA_2022",8.45230366659287e-07,0.0048387096774194,310,35.5912657250988,0.00677600054191584,0,0,0,0,0,364,0,0,0,0,0,0,1,0,0,0,0,0,0,0,0,0,0,0,1,NA,NA,112.487096774194
"152","SV01_24192893","V01",24192893,"G/A","G","A","A","PTHT","C10_OLA_2022",1.36478914327632e-10,0.00161290322580643,310,93.6569865882484,4.37646934574418e-06,0,147,160,57,0,0,0,0,0,0,0,0,0,0,0,0.156593406593407,0.43956043956044,0.403846153846154,0,0,0,0.376373626373626,0,0.623626373626374,0,112.452830188679,113.766917293233,111.129032258065
"153","SV01_530680062","V01",530680062,"G/C","G","C","C","PTHT","C10_OLA_2022",4.57989428075628e-07,0.0258064516129032,310,17.2232617848374,0.00489544899670039,0,287,0,0,35,42,0,0,0,0,0,0,0.115384615384615,0,0,0,0,0.788461538461538,0.0961538461538462,0,0,0,0,0.836538461538462,0.163461538461538,110.147058823529,120.333333333333,111.853658536585
"154","SV06_388713790","V06",388713790,"T/C","T","C","C","PTHT","C10_OLA_2022",6.37359664436614e-09,0.0903225806451613,310,8.063364005913,0.000102191061797445,0,0,0,0,0,12,115,0,237,0,0,0.651098901098901,0.032967032967033,0.315934065934066,0,0,0,0,0,0,0,0,0.641483516483516,0,0.358516483516484,116.25,113.787128712871,109.28125
"155","SJ02_530678956","J02",530678956,"C/T","C","T","T","FHBDON","C10_SAL_2021",1.06495360168868e-07,0.0517241379310345,319,-1.85460369846527,0.000426873339316886,0,0,0,0,0,335,0,0,22,0,0,0.061624649859944,0.938375350140056,0,0,0,0,0,0,0,0,0,0.030812324929972,0,0.969187675070028,NA,2.04736842105263,3.084
"156","SJ02_594684575","J02",594684575,"G/A","G","A","A","FHBDON","C10_SAL_2021",1.17492917559336e-09,0.00156739811912221,319,-13.7823359485824,9.41911346843806e-06,2.38993559186722,268,67,22,0,0,0,0,0,0,0,0,0,0,0,0.061624649859944,0.187675070028011,0.750700280112045,0,0,0,0.15546218487395,0,0.84453781512605,0,2.79090909090909,2.85,3.0873417721519
"157","SJ07_16833484","J07",16833484,"C/G","G","C","G","FHBDON","C10_SAL_2021",3.84813617138996e-10,0.00156739811912221,319,-17.2298152449875,4.11327275359873e-06,0,0,0,0,18,339,0,0,0,0,0,0,0.949579831932773,0,0,0,0,0,0.0504201680672269,0,0,0,0,0.0252100840336134,0.974789915966387,NA,4.81333333333333,2.93388157894737
"158","SJ07_421470788","J07",421470788,"C/A","C","A","A","FHBDON","C10_SAL_2021",7.16416179810016e-08,0.0219435736677116,319,-2.89082675760221,0.000328190251970969,6.74592493174825,0,0,3,0,302,0,0,0,0,52,0,0.84593837535014,0,0,0.00840336134453781,0,0,0,0.145658263305322,0,0.0812324929971989,0,0,0.918767507002801,1.76666666666667,2.99148936170213,3.04163568773234
"159","SJ07_491374653","J07",491374653,"T/C","T","C","C","FHBDON","C10_SAL_2021",2.87126409569888e-07,0.434169278996865,319,1.12315583083025,0.000981355657437427,0,0,0,0,0,9,285,0,63,0,0,0.176470588235294,0.0252100840336134,0.798319327731092,0,0,0,0,0,0,0,0,0.88655462184874,0,0.113445378151261,2.08888888888889,3.2448275862069,3.00436507936508
"160","SJ07_495046207","J07",495046207,"T/C","T","C","C","FHBDON","C10_SAL_2021",2.58214425065934e-08,0.0799373040752351,319,-2.00850296843743,0.000138002699476489,3.46295035761636,0,0,0,0,2,130,0,225,0,0,0.630252100840336,0.00560224089635854,0.364145658263305,0,0,0,0,0,0,0,0,0.679271708683473,0,0.320728291316527,0.85,3.13316831683168,2.86521739130435
"161","SS07_301996644","S07",301996644,"A/G","G","A","G","FHBDON","C10_SAL_2021",2.09606200121101e-13,0.00156739811912221,319,-17.1427767078353,6.72144201928335e-09,1.08935266877529,0,18,339,0,0,0,0,0,0,0,0,0,0,0,0.949579831932773,0.0504201680672269,0,0,0,0,0.974789915966387,0,0.0252100840336134,0,NA,3.90625,2.97557755775578
"162","SV02_452759354","V02",452759354,"C/G","G","C","G","FHBDON","C10_SAL_2021",8.60279979486605e-07,0.405956112852665,319,-0.809788258616027,0.00250787255474518,0.0912167908101737,37,0,0,135,185,0,0,0,0,0,0,0.518207282913165,0,0,0,0,0.103641456582633,0.378151260504202,0,0,0,0,0.292717086834734,0.707282913165266,4.47741935483871,2.5032,3.14355828220859
"163","SV03_26394652","V03",26394652,"A/T","A","T","T","FHBDON","C10_SAL_2021",3.06032886592892e-07,0.00156739811912221,319,-11.0260498052528,0.000981355657437427,8.41992513334391,0,0,247,0,0,2,0,0,108,0,0,0,0.00560224089635854,0.302521008403361,0.69187675070028,0,0,0,0,0,0.843137254901961,0.156862745098039,0,0,2.1,2.57157894736842,3.21838565022422
"164","SV03_49596960","V03",49596960,"G/T","T","G","G","FHBDON","C10_SAL_2021",3.205342383412e-10,0.00313479623824453,319,-10.2048414032599,4.11327275359873e-06,9.48201505041741e-09,98,0,0,0,0,105,154,0,0,0,0,0,0.294117647058824,0,0,0,0.274509803921569,0,0,0.431372549019608,0,0.509803921568627,0.490196078431373,0,3.21630434782609,3.05827338129496,2.7625
"165","SV07_505205092","V07",505205092,"G/A","G","A","A","FHBDON","C10_SAL_2021",1.77213544521134e-09,0.012539184952978,319,-4.70100158931763,1.13654134643184e-05,0,357,0,0,0,0,0,0,0,0,0,0,0,0,0,0,0,1,0,0,0,0,0,1,0,NA,NA,3.02225705329154
"166","SJ03_53540326","J03",53540326,"T/G","T","G","G","GLBLSEV","C10_SAL_2021",6.42908043518302e-08,0.00980392156862742,306,15.369248345316,0.000146745154313604,2.00940380775874e-08,34,0,0,0,0,175,148,0,0,0,0,0,0.490196078431373,0,0,0,0.0952380952380952,0,0,0.414565826330532,0,0.697478991596639,0.302521008403361,0,1.28125,0.828125,0.794520547945205
"167","SJ03_74519901","J03",74519901,"C/G","C","G","G","GLBLSEV","C10_SAL_2021",2.07319028031545e-08,0.011437908496732,306,-0.952965318553851,7.38677696876396e-05,93.6600871935127,8,0,0,266,83,0,0,0,0,0,0,0.23249299719888,0,0,0,0,0.0224089635854342,0.745098039215686,0,0,0,0,0.394957983193277,0.605042016806723,0.285714285714286,0.685840707964602,1.45205479452055
"168","SJ03_86552629","J03",86552629,"C/T","C","T","T","GLBLSEV","C10_SAL_2021",6.86430696574069e-08,0.011437908496732,306,7.67622387913582,0.000146745154313604,9.04650076369123e-08,0,0,0,0,293,8,0,56,0,0,0.156862745098039,0.820728291316527,0.0224089635854342,0,0,0,0,0,0,0,0,0.100840336134454,0,0.899159663865546,0.285714285714286,1,0.846774193548387
"169","SJ05_132350274","J05",132350274,"A/T","A","T","T","GLBLSEV","C10_SAL_2021",1.65913875296118e-15,0.0212418300653595,306,-1.71448384487631,1.33009005978015e-11,0,0,0,213,0,0,0,0,0,144,0,0,0,0,0.403361344537815,0.596638655462185,0,0,0,0,0,0.798319327731092,0.201680672268908,0,0,NA,0.902439024390244,0.830601092896175
"170","SJ05_136045713","J05",136045713,"C/T","C","T","T","GLBLSEV","C10_SAL_2021",1.35068514228429e-12,0.0179738562091504,306,11.1118489763487,7.21873674293838e-09,2.41872377473041e-08,0,0,0,0,239,26,0,92,0,0,0.257703081232493,0.669467787114846,0.0728291316526611,0,0,0,0,0,0,0,0,0.201680672268908,0,0.798319327731092,1.10526315789474,1.04705882352941,0.757425742574257
"171","SJ05_372257862","J05",372257862,"T/C","T","C","C","GLBLSEV","C10_SAL_2021",1.81324484850205e-12,0.00326797385620914,306,-4.94552483232391,8.3064746509879e-09,0.000366449188470476,0,0,0,0,0,284,0,73,0,0,0.204481792717087,0,0.795518207282913,0,0,0,0,0,0,0,0,0.897759103641457,0,0.102240896358543,NA,1.58064516129032,0.676229508196721
"172","SJ07_137924226","J07",137924226,"C/T","C","T","T","GLBLSEV","C10_SAL_2021",1.03191967355838e-07,0.00653594771241828,306,-3.61107125846592,0.000206816051074979,9.07003979025722e-06,0,0,0,0,109,85,0,163,0,0,0.456582633053221,0.305322128851541,0.238095238095238,0,0,0,0,0,0,0,0,0.466386554621849,0,0.533613445378151,1.23188405797101,0.528571428571429,1.07216494845361
"173","SS03_373045769","S03",373045769,"G/T","G","T","T","GLBLSEV","C10_SAL_2021",7.50955043104886e-38,0.00163398692810457,306,-19.8380906240515,2.40808753672444e-33,0,325,0,0,0,0,1,31,0,0,0,0,0,0.00280112044817927,0,0,0,0.910364145658263,0,0,0.0868347338935574,0,0.046218487394958,0.953781512605042,0,0,1.44444444444444,0.805755395683453
"174","SS05_310863315","S05",310863315,"A/T","T","A","T","GLBLSEV","C10_SAL_2021",1.26002500138635e-12,0.00326797385620914,306,-4.9770882873389,7.21873674293838e-09,0.000235346587654908,0,0,223,0,0,22,0,0,112,0,0,0,0.061624649859944,0.313725490196078,0.624649859943978,0,0,0,0,0,0.781512605042017,0.218487394957983,0,0,0.666666666666667,0.978723404255319,0.819587628865979
"175","SS06_272394531","S06",272394531,"C/T","T","C","T","GLBLSEV","C10_SAL_2021",6.42908067995739e-08,0.00816993464052285,306,15.369248307384,0.000146745154313604,2.23459452659178e-08,0,0,0,0,207,22,0,128,0,0,0.358543417366947,0.579831932773109,0.061624649859944,0,0,0,0,0,0,0,0,0.240896358543417,0,0.759103641456583,3.11764705882353,0.954954954954955,0.584269662921348
"176","SS06_273159799","S06",273159799,"C/T","C","T","T","GLBLSEV","C10_SAL_2021",8.18218912286111e-09,0.00980392156862742,306,-1.39550841006638,3.27972823253484e-05,0,0,0,0,0,353,0,0,4,0,0,0.0112044817927171,0.988795518207283,0,0,0,0,0,0,0,0,0,0.00560224089635854,0,0.994397759103641,NA,0.5,0.864238410596026
"177","SS06_273449073","S06",273449073,"T/A","A","T","A","GLBLSEV","C10_SAL_2021",6.42908144598853e-08,0.00653594771241828,306,7.6846240947192,0.000146745154313604,0,0,0,0,0,0,354,0,0,3,0,0,0,0.991596638655462,0.00840336134453781,0,0,0,0,0,0,0.00420168067226891,0.995798319327731,0,0,NA,2.5,0.848684210526316
"178","SS07_352707146","S07",352707146,"G/T","G","T","T","GLBLSEV","C10_SAL_2021",6.61261409663732e-08,0.00653594771241828,306,-2.68947027096723,0.000146745154313604,0.104552468490315,141,0,0,0,0,52,164,0,0,0,0,0,0.145658263305322,0,0,0,0.394957983193277,0,0,0.459383753501401,0,0.375350140056022,0.624649859943978,0,0.291666666666667,1.02816901408451,0.887931034482759
"179","SS07_352709134","S07",352709134,"G/A","G","A","A","GLBLSEV","C10_SAL_2021",5.86779755982528e-08,0.00816993464052285,306,0.204487444596008,0.000146745154313604,0,291,48,18,0,0,0,0,0,0,0,0,0,0,0,0.0504201680672269,0.134453781512605,0.815126050420168,0,0,0,0.117647058823529,0,0.88235294117647,0,0.294117647058824,0.738095238095238,0.919028340080972
"180","SV01_171715235","V01",171715235,"C/T","T","C","T","GLBLSEV","C10_SAL_2021",7.12192622928321e-32,0.00163398692810457,306,-19.3846863942618,1.14189404197212e-27,0.000106765946359377,0,0,0,0,220,50,0,87,0,0,0.243697478991597,0.61624649859944,0.140056022408964,0,0,0,0,0,0,0,0,0.261904761904762,0,0.738095238095238,1.34042553191489,1.12676056338028,0.638297872340426
"181","SV04_112867423","V04",112867423,"C/G","C","G","G","GLBLSEV","C10_SAL_2021",1.53050577400165e-27,0.00163398692810457,306,-22.3966409308944,1.63595762183037e-23,2.26642292971832e-07,77,0,0,119,161,0,0,0,0,0,0,0.450980392156863,0,0,0,0,0.215686274509804,0.333333333333333,0,0,0,0,0.382352941176471,0.61764705882353,0.609375,1,0.873239436619718
"182","SV07_13367865","V07",13367865,"G/T","T","G","T","GLBLSEV","C10_SAL_2021",1.80436010561323e-07,0.0147058823529411,306,-2.16117554081994,0.000340355385333526,0,247,0,0,0,0,19,91,0,0,0,0,0,0.0532212885154062,0,0,0,0.69187675070028,0,0,0.254901960784314,0,0.180672268907563,0.819327731092437,0,1.66666666666667,0.506329113924051,0.933962264150943
"183","SV07_30709054","V07",30709054,"A/T","A","T","T","GLBLSEV","C10_SAL_2021",9.79139270897421e-07,0.0882352941176471,306,-0.778048112003451,0.00174433661110375,1.53180871900601e-07,0,0,312,0,0,6,0,0,39,0,0,0,0.0168067226890756,0.109243697478992,0.873949579831933,0,0,0,0,0,0.928571428571429,0.0714285714285714,0,0,2.5,0.8,0.82962962962963
"184","SJ07_538240241","J07",538240241,"C/T","T","C","T","PTHT","C10_SAL_2021",2.57788196268319e-07,0.364649681528662,314,6.54284688875316,0.00275549802991207,0.521665969322137,0,0,0,0,348,1,0,8,0,0,0.0224089635854342,0.974789915966387,0.00280112044817927,0,0,0,0,0,0,0,0,0.0140056022408964,0,0.985994397759104,118,110,110.794117647059
"185","SS02_167194150","S02",167194150,"T/G","T","G","G","PTHT","C10_SAL_2021",4.61385965527135e-08,0.205414012738854,314,4.32646110387088,0.00147952637565586,1.55557813283423,2,0,0,0,0,346,9,0,0,0,0,0,0.969187675070028,0,0,0,0.00560224089635854,0,0,0.0252100840336134,0,0.981792717086835,0.0182072829131653,0,81,117.571428571429,110.741830065359
"186","SS06_243762540","S06",243762540,"T/A","A","T","A","PTHT","C10_SAL_2021",2.40461941376356e-07,0.192675159235669,314,-5.6533856753551,0.00275549802991207,NA,0,0,68,0,0,133,0,0,156,0,0,0,0.372549019607843,0.436974789915966,0.19047619047619,0,0,0,0,0,0.408963585434174,0.591036414565826,0,0,112.847457627119,111.616541353383,108.918032786885
"187","SV01_442280490","V01",442280490,"A/G","A","G","G","ZDK","C10_SAL_2021",1.6286925870597e-08,0.161392405063291,316,2.07184126022742,0.000522272851892434,0,6,14,337,0,0,0,0,0,0,0,0,0,0,0,0.943977591036415,0.0392156862745098,0.0168067226890756,0,0,0,0.96358543417367,0,0.0364145658263305,0,64,64.6666666666667,62.986577181208
"188","SJ02_517769933","J02",517769933,"T/C","T","C","C","FHBDON","C10_SAL_2022",4.9246819108112e-08,0.00931677018633537,322,-0.413630418363214,0.000175466416482203,4.84477991068039e-06,0,0,0,0,6,187,0,164,0,0,0.459383753501401,0.0168067226890756,0.523809523809524,0,0,0,0,0,0,0,0,0.753501400560224,0,0.246498599439776,0.15,0.108965517241379,0.135672514619883
"189","SJ05_552460009","J05",552460009,"C/T","C","T","T","FHBDON","C10_SAL_2022",2.22636437319247e-32,0.00155279503105588,322,-2.32902015857756,7.13928263551628e-28,0,0,0,0,0,349,4,0,4,0,0,0.0112044817927171,0.977591036414566,0.0112044817927171,0,0,0,0,0,0,0,0,0.0168067226890756,0,0.983193277310924,0,0.1,0.125714285714286
"190","SJ07_421470788","J07",421470788,"C/A","C","A","A","FHBDON","C10_SAL_2022",1.06561755959676e-12,0.0232919254658385,322,-0.39716700876795,6.83423165671784e-09,0,0,0,3,0,302,0,0,0,0,52,0,0.84593837535014,0,0,0.00840336134453781,0,0,0,0.145658263305322,0,0.0812324929971989,0,0,0.918767507002801,0.166666666666667,0.066,0.134200743494424
"191","SJ07_603983512","J07",603983512,"C/T","T","C","T","FHBDON","C10_SAL_2022",7.37408917119302e-07,0.00155279503105588,322,-0.972909919043587,0.00214968106775133,0,0,0,0,0,175,41,0,141,0,0,0.394957983193277,0.490196078431373,0.11484593837535,0,0,0,0,0,0,0,0,0.312324929971989,0,0.687675070028011,0.0947368421052631,0.10390625,0.147435897435897
"192","SS02_486726932","S02",486726932,"G/C","G","C","C","FHBDON","C10_SAL_2022",1.28392809182664e-10,0.0248447204968945,322,0.254579663087131,6.86195368676749e-07,0,297,0,0,59,1,0,0,0,0,0,0,0.00280112044817927,0,0,0,0,0.831932773109244,0.165266106442577,0,0,0,0,0.914565826330532,0.0854341736694678,0,0.105660377358491,0.127985074626866
"193","SS07_301996644","S07",301996644,"A/G","G","A","G","FHBDON","C10_SAL_2022",5.23698365928463e-27,0.00155279503105588,322,-2.26491642243874,8.39671775011401e-23,3.41660236552256e-06,0,18,339,0,0,0,0,0,0,0,0,0,0,0,0.949579831932773,0.0504201680672269,0,0,0,0,0.974789915966387,0,0.0252100840336134,0,NA,0.0555555555555556,0.127960526315789
"194","SV02_452036252","V02",452036252,"T/G","T","G","T","FHBDON","C10_SAL_2022",9.52985305390824e-10,0.00621118012422361,322,-0.339280449231575,4.36562568399537e-06,7.93589950154749e-07,88,0,0,0,0,87,182,0,0,0,0,0,0.243697478991597,0,0,0,0.246498599439776,0,0,0.509803921568627,0,0.49859943977591,0.50140056022409,0,0.184615384615385,0.111377245508982,0.0896103896103896
"195","SV05_550625854","V05",550625854,"C/G","C","G","G","FHBDON","C10_SAL_2022",7.95259770173776e-08,0.0201863354037267,322,0.616486640914595,0.000255015950501625,0,0,0,0,16,341,0,0,0,0,0,0,0.955182072829132,0,0,0,0,0,0.0448179271708683,0,0,0,0,0.0224089635854342,0.977591036414566,NA,0.05,0.127272727272727
"196","SV05_564391501","V05",564391501,"C/T","T","C","T","FHBDON","C10_SAL_2022",3.16282828882387e-08,0.0217391304347826,322,0.532048750563876,0.000126778018422144,0,0,0,0,0,240,18,0,99,0,0,0.277310924369748,0.672268907563025,0.0504201680672269,0,0,0,0,0,0,0,0,0.189075630252101,0,0.810924369747899,0.18,0.0988888888888889,0.130414746543779
"197","SV05_570894065","V05",570894065,"G/A","G","A","A","FHBDON","C10_SAL_2022",2.84036696640414e-15,0.0186335403726708,322,-0.242142547771575,3.03606825038939e-11,2.58184778026734e-08,174,145,38,0,0,0,0,0,0,0,0,0,0,0,0.106442577030812,0.406162464985994,0.487394957983193,0,0,0,0.30952380952381,0,0.69047619047619,0,0.0764705882352941,0.108396946564885,0.147133757961783
"198","SV05_574080626","V05",574080626,"T/A","T","A","A","FHBDON","C10_SAL_2022",6.54792429176242e-13,0.0170807453416149,322,1.73229826972753,5.24930720659863e-09,0.324782802945176,0,0,21,0,0,101,0,0,235,0,0,0,0.282913165266106,0.658263305322129,0.0588235294117647,0,0,0,0,0,0.387955182072829,0.612044817927171,0,0,0.0944444444444445,0.130143540669856,0.115789473684211
"199","SJ03_497263053","J03",497263053,"G/A","G","A","A","HSATIVLSEV","C10_SAL_2022",6.17812646642619e-09,0.00766871165644167,326,-11.267050699438,3.96227962797777e-05,0,335,22,0,0,0,0,0,0,0,0,0,0,0,0,0,0.061624649859944,0.938375350140056,0,0,0,0.030812324929972,0,0.969187675070028,0,NA,4.4,5.2156862745098
"200","SJ04_511030438","J04",511030438,"C/A","C","A","A","HSATIVLSEV","C10_SAL_2022",1.85690661953352e-08,0.0260736196319018,326,-5.34404822344784,9.92423742809692e-05,1.24152514579221,0,0,9,0,270,0,0,0,0,78,0,0.756302521008403,0,0,0.0252100840336134,0,0,0,0.218487394957983,0,0.134453781512605,0,0,0.865546218487395,2.11111111111111,4.98591549295775,5.32926829268293
"201","SS03_24005972","S03",24005972,"A/C","A","C","C","HSATIVLSEV","C10_SAL_2022",6.0333207051033e-19,0.00153374233128833,326,-59.1954652436079,1.93470495050548e-14,3.38717616035276,0,0,333,0,1,0,0,0,0,23,0,0.00280112044817927,0,0,0.932773109243697,0,0,0,0.0644257703081232,0,0.964985994397759,0,0,0.0350140056022409,0,4.35,5.23606557377049
"202","SS04_79130992","S04",79130992,"T/C","C","T","C","HSATIVLSEV","C10_SAL_2022",4.52696229032788e-11,0.00306748466257667,326,-21.6233077923441,4.83886999213147e-07,1.69308256078582e-07,0,0,0,0,103,162,0,92,0,0,0.257703081232493,0.288515406162465,0.453781512605042,0,0,0,0,0,0,0,0,0.582633053221288,0,0.417366946778711,4.62105263157895,5.42168674698795,5.37162162162162
"203","SS05_134093949","S05",134093949,"C/T","C","T","T","HSATIVLSEV","C10_SAL_2022",1.45767411686588e-10,0.00306748466257667,326,-21.49562057843,1.16858089763845e-06,0,0,0,0,0,76,46,0,235,0,0,0.658263305322129,0.212885154061625,0.128851540616246,0,0,0,0,0,0,0,0,0.457983193277311,0,0.542016806722689,3.64102564102564,5.47488584474886,5.04411764705882
"204","SS07_39851932","S07",39851932,"G/A","A","G","A","HSATIVLSEV","C10_SAL_2022",3.33653068872099e-07,0.0322085889570553,326,-5.23051244866421,0.0013374066199402,2.8232613205941e-07,351,6,0,0,0,0,0,0,0,0,0,0,0,0,0,0.0168067226890756,0.983193277310924,0,0,0,0.00840336134453781,0,0.991596638655462,0,NA,2.8,5.20249221183801
"205","SV05_523243129","V05",523243129,"G/T","G","T","T","HSATIVLSEV","C10_SAL_2022",8.7863690876783e-15,0.00153374233128833,326,-49.8005548962637,1.4087624876729e-10,0,287,0,0,0,0,1,69,0,0,0,0,0,0.00280112044817927,0,0,0,0.803921568627451,0,0,0.19327731092437,0,0.0994397759103642,0.900560224089636,0,5,5.65079365079365,5.04961832061069
"206","SV06_385396770","V06",385396770,"C/A","A","C","A","HSATIVLSEV","C10_SAL_2022",2.36054556711918e-07,0.24079754601227,326,-1.91647294120162,0.00108136592429729,0,0,0,98,0,159,0,0,0,0,100,0,0.445378151260504,0,0,0.274509803921569,0,0,0,0.280112044817927,0,0.414565826330532,0,0,0.585434173669468,6.25555555555556,5.7,4.16438356164384
"207","SV07_722317269","V07",722317269,"T/C","C","T","C","HSATIVLSEV","C10_SAL_2022",6.05466085044026e-07,0.00306748466257667,326,-15.7238599127797,0.00215727566101186,0,0,0,0,0,21,210,0,126,0,0,0.352941176470588,0.0588235294117647,0.588235294117647,0,0,0,0,0,0,0,0,0.764705882352941,0,0.235294117647059,3.31578947368421,4.65811965811966,5.66315789473684
"208","SJ05_552460009","J05",552460009,"C/T","C","T","T","FHBZEA","C10_SAL_2022",1.294340066815e-56,0.00155279503105588,322,-2.67745466816946,4.15056029225568e-52,0,0,0,0,0,349,4,0,4,0,0,0.0112044817927171,0.977591036414566,0.0112044817927171,0,0,0,0,0,0,0,0,0.0168067226890756,0,0.983193277310924,0.025,0.2,0.0466666666666667
"209","SS03_165935726","S03",165935726,"C/T","C","T","T","FHBZEA","C10_SAL_2022",1.40628904047776e-14,0.0248447204968945,322,0.851633018920999,6.44221009442862e-11,3.60455765227486,0,0,0,0,305,0,0,52,0,0,0.145658263305322,0.854341736694678,0,0,0,0,0,0,0,0,0,0.0728291316526611,0,0.927170868347339,NA,0.0333333333333333,0.0503649635036496
"210","SS03_316869342","S03",316869342,"G/T","G","T","T","FHBZEA","C10_SAL_2022",1.38725348355944e-14,0.0279503105590062,322,-0.0243225707971273,6.44221009442862e-11,0.981903501870038,337,0,0,0,0,3,17,0,0,0,0,0,0.00840336134453781,0,0,0,0.943977591036415,0,0,0.0476190476190476,0,0.0322128851540616,0.967787114845938,0,0,0.0285714285714286,0.0491803278688525
"211","SS03_316869348","S03",316869348,"T/G","T","G","G","FHBZEA","C10_SAL_2022",1.40628892228966e-14,0.0232919254658385,322,0.851633021134369,6.44221009442862e-11,5.35970146244041e-06,1,0,0,0,0,343,13,0,0,0,0,0,0.96078431372549,0,0,0,0.00280112044817927,0,0,0.0364145658263305,0,0.978991596638656,0.0210084033613445,0,0,0.0166666666666667,0.0491909385113269
"212","SS03_343702896","S03",343702896,"C/A","C","A","A","FHBZEA","C10_SAL_2022",3.7556314914444e-07,0.00155279503105588,322,-0.395418424660855,0.00109483486396498,0,0,0,5,0,287,0,0,0,0,65,0,0.803921568627451,0,0,0.0140056022408964,0,0,0,0.182072829131653,0,0.105042016806723,0,0,0.894957983193277,0,0.0442622950819672,0.0494163424124514
"213","SS07_61086311","S07",61086311,"G/C","G","C","C","FHBZEA","C10_SAL_2022",1.17722868464326e-12,0.0232919254658385,322,0.315278666992588,4.71877402880693e-09,1.01010831515507,303,0,0,53,1,0,0,0,0,0,0,0.00280112044817927,0,0,0,0,0.848739495798319,0.148459383753501,0,0,0,0,0.92296918767507,0.07703081232493,0,0.0488372093023256,0.047841726618705
"214","SS07_65302073","S07",65302073,"C/T","C","T","T","FHBZEA","C10_SAL_2022",3.43214051074023e-23,0.0217391304347826,322,1.32888713573303,2.75146124394767e-19,0,0,0,0,0,357,0,0,0,0,0,0,1,0,0,0,0,0,0,0,0,0,0,0,1,NA,NA,0.0478260869565217
"215","SS07_65547475","S07",65547475,"C/T","C","T","T","FHBZEA","C10_SAL_2022",3.43214051074023e-23,0.0217391304347826,322,1.32888713573303,2.75146124394767e-19,0,0,0,0,0,346,0,0,11,0,0,0.030812324929972,0.969187675070028,0,0,0,0,0,0,0,0,0,0.015406162464986,0,0.984593837535014,NA,0.0181818181818182,0.0488745980707395
"216","SS07_67144799","S07",67144799,"G/T","T","G","T","FHBZEA","C10_SAL_2022",3.23804376312639e-25,0.0232919254658385,322,-0.0855035124077803,5.1917174676087e-21,0,334,0,0,0,0,3,20,0,0,0,0,0,0.00840336134453781,0,0,0,0.935574229691877,0,0,0.0560224089635854,0,0.0364145658263305,0.96358543417367,0,0,0.0388888888888889,0.0486754966887417
"217","SV03_110712558","V03",110712558,"C/T","C","T","T","FHBZEA","C10_SAL_2022",4.79718669454985e-08,0.00465838509316774,322,0.0458500139920517,0.000170923761926811,0,0,0,0,0,271,4,0,82,0,0,0.2296918767507,0.759103641456583,0.0112044817927171,0,0,0,0,0,0,0,0,0.126050420168067,0,0.873949579831933,0.075,0.0472972972972973,0.0475409836065574
"218","SV05_45545812","V05",45545812,"G/A","G","A","A","FHBZEA","C10_SAL_2022",1.94290783036183e-07,0.00310559006211175,322,-0.27313004911912,0.000623032253962127,0,326,31,0,0,0,0,0,0,0,0,0,0,0,0,0,0.0868347338935574,0.913165266106443,0,0,0,0.0434173669467787,0,0.956582633053221,0,NA,0.0407407407407407,0.0484745762711864
"219","SJ07_676779696","J07",676779696,"A/T","A","T","T","BLSSEV","C10_SAL_2022",3.12265313864036e-08,0.00153374233128833,326,-52.3528922495261,0.000333780393989269,0,0,0,335,0,0,0,0,0,22,0,0,0,0,0.061624649859944,0.938375350140056,0,0,0,0,0,0.969187675070028,0.030812324929972,0,0,NA,8.75,11.516339869281
"220","SS01_373032805","S01",373032805,"G/A","G","A","A","BLSSEV","C10_SAL_2022",9.85613020601015e-11,0.0138036809815951,326,-16.0782874261104,3.16056527316127e-06,0.549910250958153,168,148,41,0,0,0,0,0,0,0,0,0,0,0,0.11484593837535,0.414565826330532,0.470588235294118,0,0,0,0.322128851540616,0,0.677871148459384,0,11,11.5401459854015,11.261744966443
"221","SS03_457292509","S03",457292509,"C/T","C","T","T","BLSSEV","C10_SAL_2022",3.60918437930361e-07,0.368098159509202,326,3.02581637661292,0.00231471430982258,0,0,0,0,0,149,0,0,208,0,0,0.582633053221289,0.417366946778712,0,0,0,0,0,0,0,0,0,0.291316526610644,0,0.708683473389356,NA,11.9153439153439,10.5620437956204
"222","SS07_67144799","S07",67144799,"G/T","T","G","T","BLSSEV","C10_SAL_2022",2.53922117944056e-10,0.0260736196319018,326,-10.2595848761679,4.07126027805602e-06,0,334,0,0,0,0,3,20,0,0,0,0,0,0.00840336134453781,0,0,0,0.935574229691877,0,0,0.0560224089635854,0,0.0364145658263305,0.96358543417367,0,3.5,10.8888888888889,11.4248366013072
"223","SV07_77346874","V07",77346874,"G/A","G","A","A","BLSSEV","C10_SAL_2022",1.71499646116316e-07,0.0107361963190185,326,-18.9456280127612,0.00137486978800298,0,233,122,2,0,0,0,0,0,0,0,0,0,0,0,0.00560224089635854,0.341736694677871,0.65266106442577,0,0,0,0.176470588235294,0,0.823529411764706,0,12.5,12.7477477477477,10.6056338028169
"224","SS05_501885161","S05",501885161,"C/T","T","C","T","ZDK","C10_SAL_2022",1.95504364903074e-07,0.0453172205438066,331,1.91866137286297,0.00208974615644895,0,0,0,0,0,151,16,0,190,0,0,0.532212885154062,0.42296918767507,0.0448179271708683,0,0,0,0,0,0,0,0,0.310924369747899,0,0.689075630252101,74.2,74.5393258426966,74.195652173913
"225","SV01_8751581","V01",8751581,"G/A","G","A","A","ZDK","C10_SAL_2022",7.89685549542484e-16,0.00151057401812693,331,33.5075455820624,2.53228465171788e-11,6.18753382743571e-17,194,148,15,0,0,0,0,0,0,0,0,0,0,0,0.0420168067226891,0.414565826330532,0.543417366946779,0,0,0,0.249299719887955,0,0.750700280112045,0,74.8571428571429,74.6204379562044,74.1611111111111
"226","SV02_80918909","V02",80918909,"G/T","G","T","T","ZDK","C10_SAL_2022",1.09372283411239e-09,0.0453172205438066,331,2.17929816499429,1.7536205060741e-05,1.93598644182495,212,0,0,0,0,1,144,0,0,0,0,0,0.00280112044817927,0,0,0,0.593837535014006,0,0,0.403361344537815,0,0.204481792717087,0.795518207282913,0,77,74.578125,74.2425742574257
